age	although	days	emotional	fan	feel	golden	jim	lord	loving	reeves	relaxed	singers	vouch
1st	2nd	30	47	back	blessing	came	convince	december	granted	greatest	hope	later	leave	lou	marry	mary	nam	pray	reality	receive	served	tour	viet
wherever
close	elvis	king	number	place	taking
anytime	begin	bet	future	generation	goes	hit	ill	new	play	radio
64	father	jim	reeves	remember	used	young
beared	coffin	crematorium	father	favorites	into	late	meaning	played	special	top	tribute
100	29	albums	along	australia	boxer	college	daddy	eric	generation	grandma	grandpa	guess	jim	least	maybe	mine	mr	mummy	myanmar	next	presented	reeves	sir	top	well	which	wonderful
again	elvis	entertainment	nothing
blues	country	elvis	rhythm	rock	roll	soul
baby	blow	guaranteed	mind	part	roller	steam
absolutely	elvis	forever	lord	made	off	showing
different	enjoy	familys	generations	quality	true
favorite	forever
anytime	distant	drums	emotions	especially	eved	jim	overcome	reeves	teary
die	every	loved	made	mother	played	sounds	word
country	lovey	singers
60	melts	prepare	rocker	sound	usually
absolutely	appreciate	boast	brilliant	days	element	enjoyed	jim	least	older	posting	thanks	yes
across	appreciation	innocent	jim	live	long	reeves	reminds	rightly	thread	united	us	ve
boy	elder	favorites	girl	interpretation	little	mother	number	plausible	put	raise	says	sisters	someone	three	tom	treat	whose	wig
1960s	boy	brought	early	girl	knew
boy	favorite
1967	anyone	around	audio	autobiography	book	erudite	fantastic	pete	rather	reading	recommend	right	spoken	well
another	away	calling	dear	different	distant	drums	favorite	flowing	gone	jim	meaning	mum	oh	reeves	sound	takes	tears
classic	drumming	known	lifts	little	sensational
before	rhythm	wow
changed	controlling	four	mine	name	parents	three
asked	childhood	friends	mom	seen	something	started	stop
100	along	beatles	classic	dylan	even	over	played	stones
album	doubt	greatest	handedly	single	story	tommy	unbelievable	weird	work
barry	brilliant	done	mix	motown	orchestra	palmer	reminds	robert	unlimited	ve	white
back	builds	crescendo	favorites	magnificent	matched	rarely
band	broken	fell	hearted	hit	home	road
60s	90s	95	alive	appreciate	around	back	cut	enjoy	enthusiastic	folks	grown	hardly	magic	meaning	oh	play	playing	short	something	talking	through	uhh	wanna
anyone	beat	classic	does	drummer	find	thanks
arrangements	arrangers	background	classics	credit	deserved	dramatic	orchestrators	pop	powerful	probably	sharing	work	youth
before	dropped	found	go	let	trailer	week
cause	must	other	parents	phones	them
called	camels	desert	east	go	job	let	lol	makes	middle	parts	saw	side	till	trailer	wondered
days	hears	words
look	mom	told
elvis	forever	live	long	miss	singers
along	cry	emotion	every	family	king	live	long	makes	pics	single
generation	generations	lived	prefer
before	guess	late	leave	someone	tell	them	us
away	because	care	chance	girl	give	hard	keep	lost	met	ones	pushing	satisfied	showing	them
able	fulfill	gentle	go	left	lisa	loved	marie	princilla	soul	started	wrong
elvis	jackson	michael	presley	see
awesome	favorite	greatest	loss
16	ve
alone	because	die	going	grew	hard	learned	little	loved	probably	relationship	say	show	them	things	told	whenever	woman
barbiedolly	before	didn	glich	little	maybe	meant
2nd	age	build	came	grade	memory	movie	treasure	youth
attention	classic	joint	lyrics	pay	relates	situations
feel	given	helps	inspirational
bass	brothers	david	forget	funk	give	greatest	jamie	jamison	levi	marvin	motown	others	smokey	stubbs	thanks	tops	troubled	underrated	voices
age	legend	power	seventeen	soul	vocal	young
17	davis	goes	maybe	primary	school	son	spencer	steve	teacher	well	while	winwood	wrote
16	age	believe	hard	said	someone
blow	tried	tune
black	natural	soul	thing
aren	band	popular	recognized	shame	smashing
60	comments	idea	loved	read	stevie	until	winwood
100	absolutely	excellence	gold	line	masterpiece	memories	phenomenal	pure	solid	sound	standard	talent	top
appreciated	beyond	few	invent	machine	please	realize	somebody	soulful	steve	teens	under	virtuoso	younger
1967	ago	aint	long	nothing	nowadays	peace	touch	wow
case	give	point	rest	shot	told
discover	fabulous	group	often	share	wow
22	60	adaline	age	ask	band	brought	daughter	enjoying	evening	movie	viewing	youngest
bad	favorite	merle
before	executed	exists	family	home	past	reminiscing	tells
14	grandma	introduced	shall
laura	name	thomas	tommy	wifes
1960	finest	hit	single	singles	stands
afterwords	happened	hit	lost	lovely	though	wonder
enjoy	relax
friend	keeps	laura	name
appreciate	shout	teens	tunes
brilliant	highlights	tragedy	well
because	coincidence	favourite	happens	laura	name
cheap	compilation	decent	laura	park	pictured	skank	trailer	until
adds	anymore	comfort	create	knowing	laura	maybe	personal	sorrow	thing
crap	grew	sort	words
created	forgotten	should
cases	finished	half	lyrics	others	wrong
1960	21st	century	certainly	lady	vintage	young
calmer	days	made	words
bear	name	seem
careful	entertainer	greatest	our	person	please	say	talking
concert	greatest	history
gorgeous	melt
called	king	known	rated	under
delivery	face	high	last	notes	part	satisfied	see	sings
american	artist	away	blues	doubt	greatest	james	lifetime	listened	may	maybe	mock	nothing	prolific	said	statement	take	taylor	thing	three	times	tune	ve	white	written
awesome	coolest	elvis	name	person	sung
live	once	seen
appears	concert	elvis	enjoying	fine	gone	over	priscilla	ride	year
certainly	earth	fella	gorgeous	however	imaging	left	lol	looking	mark	over	right	rolling	soon	stunning
awesome	blues	comparison	doubt	genres	incredible	mr	presley
beginning	forever	king	laughs	looks	side	thinking
background	blues	elvis	parody	period	playing
bluesy	comfortable	definitely	down	low	roots	style
bless	elvis	forever	friend	greatest	miss
angel	artist	concerts	died	earth	effort	eyes	greatest	handsome	peace	rest	see	sufferience	unique	young
masterpiece	minutes	over	perfect	recoding	studio	wonder
again	back	because	coming	else	elvis	forever	gone	keep	other	our	special	videos
cover	elvis	forget	harmonica	key	look	making	played	soooo	tune
absolutely	band	bless	burton	elvis	entertainer	fantastic	forever	glen	greatest	hardin	heaven	james	over	tcb	vocalist	yuo
fantastic	greatest	performance
another	back	bone	brilliant	call	interpreter	liked	masterpiece	proof	them	together	work	wrong	yet
adore	biggest	elvis	handsome	history	hot	sexy
close	elvis	entertainer	greatest	peace	rest	see	sent
40	burton	elvis	james	must	nelson	over	rickey	rocks	stolen
compared	king	nothing	others	stealing
fantastic	favorites	gold	perfect	pure
adam	backing	barry	faith	john	made	orchestra	pizzicato	pop	records	strings	superb	technically	use	wasn
50s	60s	aunts	born	elvis	emotion	genuine	grew	heartfelt	late	orbison	preferred	raved	roy	sung	thought	uncles
based	favorite	feeling	generation	known	performer	popularity	roy	solely	sure	talent	ve
50	60	soul	unlike
baritone	bass	complexing	soprano	talented	tenor
alone	being	bit	depressed	feeling	listened	lonely	right	roy
classic	continue	enjoy	legacy	live	lonely	wil	work
agree	big	completely	converts	expression	feelings	into	lyrics	stuff	thanks
16	artists	daughter	exposed	knew	loves	orbison	right	rock	roll	until	year
16	age	begin	hope	kind	which	wonderful	wow
bless	fantastic	missed	ones	roy	young
1988	1989	away	bournemout	bournemouth	brings	centre	december	eyes	forgotton	home	january	ll	passed	pavillion	rip	road	roy	start	tears	tour	town	truly	uk	venue	westover
both	boys	burnt	cash	die	door	down	family	henderson	house	jr	location	looking	next	performer	person	roy	sir	site	stood	tennessee	visited	wonderful	yes
classics	pleasure	stumble	upon
cherish	forever	forget	magnificent	orbison	roy
50s	60s	beat	early	late	period	totally	unique
awesome	own	range	style
drinking	invent	live	machine	made	mediterranean	oh	please	self	want	wine
100	agree	back	live	wished
ago	assignment	english	homework	looked	minutes	searched
ago	away	cry	dare	feelings	germany	mum	passed	seldom	totally	two	understand	vulnerable
doesn	folks	glad	hope	maybe	played	rock	roll	stuff	young
ago	album	baby	dig	ended	find	ll	long	moved	re	remember	sure	talking	through
actually	back
country	wished
again	believe	country	junk	play	radio	rock	sirius	sucks	true	youtube
country	disc	gold	hank	locklin	recorded	selling	single	top
ain	classics	country	stuff
another	believe	cramer	delivery	distinctive	floyd	ivorys	legend	locklin	loved
25	anything	classic	country	favorite	go	stand
dad	kind	mom	western
17	falling	school
banging	dad	incredible	kitchen	recordings
country	hits	infomercial	jukebox	tv
amen	blessing	everyone	knows	yet
classic	country	hank	hits	well
comment	funniest	lmao	saw	youtube
facebook	let	lie	liked	photo	post	ricky	shared	youtube
friend	girl	laura	young
bad	hates	laura	mood	sister
after	grandparents	least	means	named	quite	something
background	barely	nowadays	words	wow
childhood	didn	friends	grandpa	serious
fogerty	john
gladys	hearing	knights
john	over	right	tired
favorites	sharing
favorites	posting	shame	sure	them	used
awesome	country	dies
behind	childhood	favorite	screen	sharing
anybody	does	piano	posting	robertson	thanks
enjoy	posting	thanks	wonderful
country	down	fans	fashioned	keep	post	see	thanks	young
advice	again	back	once	replying	sound
country	matter	pop	times
after	anyone	faithful	infidelity	losing	lyrics	married	sentiment	temptation	true	uncomfortable
locklin	opinion	well
nowadays	performance	rock	stars	used
27	country	taste
anymore	country	happened	isn	mean
days	hip	let	low	meaning	over	pop	rap	take
500	after	appreciate	ask	convinced	even	stone	times	transplant
dance	daughter
englebert	feel	feeling	friend	low	once
last	someone	special	waltz
also	forever	handsome	touching	woo
artist	became	explain	feelings	global	legend	star	start	suddenly	superstar	true	where	wonderful
brilliant	course	englebert	sung	well
again	doc	fall	peace
change
happy
actually	age	describes	golden	melody
darling	didn
englebert
belongs	everyone	legend	loves	sang	true
dance	someday	wedding
after	compose	decades	memorable	nowadays	touching
around	brought	dancing	family	favorite	strickly
also	passed	same	whenever
genre	lover
10	11	amazingly	dance	feel	getting	lyrics	makes	mesmerizing	scale	sharing	superb	thx	undoubtedly	waltz
ago	concert	days	dream	few	see	true
part
peace	romantic	sweetest	wow
break	everyday	lonely	start	wake	without
1967	blasted	cassani	comes	course	engelbert	innamoro	into	italian	maro	melody	obscure	original	panzeri	parrot	quando	records	stratosphere
beauty	grandmother	loved	pure	understand
artist	favorite	grew	lyrics	mom
14	cousin	family	favorite	learn	our	yrs
existed	magnificent	voices
appeals	artists	classic	found	generations	modern	sung
forget	record	walked	wife
both	cloudy	freedom	loved	mornings	ones	presence
appear	forever	mankind	ones	stay
age	called	describes	golden	loved	us
2019	classic	happened	romance	romantic
even	genre	meaning	nowadays	teen
arms	cause	hold	loving	painful	till	ve
grew	number	soulful	tired	voices
cloud	computing	lost	mans	thanks
classic	truly	uploading
again	break	everyday	sleep	try	wake	want
class	eurovision	re	recorded	should
days	looking	lyrics	power	without
bless	care	family	lovely	take	them	wife
irreplaceable	untouchable
else	guys	off	please	profiting	someone	talent
cruel	ended	ironic	made	punishment	reckon	worlds	worst
lonely	without
beauty	broken	understand
again	anymore	appreciate	between	clip	days	each	every	everyone	far	feedback	few	hi	left	memories	messages	read	thanks	them	watched
class	crafted	massively	musicians	perfectly	performed	pop	underrated
big	catchy	harmonies	hum	intro	lovely	once	pop	proper	record	tune
guy	happy	sings	tune
70s	class	pop	written
2019	30th	feel	happy	january
1st	classics	clubs	europe	germany	hey	honeymoon	in2	message	our	play	scan	thanks	tips	weeks
comments	editing	posting	thanks	watching	worthwhile
almost	ignore	impossible	intoxicating	intro	naturally
adele	eat	etc	harmonies	lyrics	singers
classic	dance	hits	millions	should	soul
classic	intro	masterpiece	match
1st	21yr	accurate	daughters	describing	elle	especially	every	grace	lyrics	may	name	single	tune	written
follow	harmonies	little	made	maker	number	trust	uk
intro	orchestration	ruins	tune	without
compose	guys
something	wrong
appreciated	carolinas
dying	eh	slowly	words
vocals	words
consolation	early	far	find	hope	katharina	learn	loss	sorry	sweet
50	60	80	heaven	loved	proper	ruby	singers	youtube
hit	should	usa
retarded
greatest	lady	teresa
brewer	evening	fantastic	hill	lovely	mockingbird	ms	spend	talented	woman
50	alongs	bird	brewer	covers	dinah	early	ford	hill	hits	instead	interpretation	into	late	les	lullaby	mary	miller	missed	mitch	mocking	original	page	patti	paul	sang	shore	sixties	sleepy	something	teresa	using	wake	wrong
called	hill	mockingbird	place
america	anymore	found	icon	rip	singers
another	loved	recordings	wonderful
favorite	lady	lovely	mind	peace
cheezoid	complex	glad	likes	lol	something	superiority	used	wrong
again	miss	teresa
book	dynamite	little	miss	oldies	replaced	singers	topped
gentle	loping	sweetest	teresa
docambra	give	notice	permission	remain	won	youtube
earth	heaven	ll	nearest
almost	billy	earth	handsome	sings	unbelievably
billy	copy	eckstine	gras	mardi
sarah	unique	vaughan	voices
loved
76	gives	goosebumps	handsome	lovely	play	re	them
close	eyes	follow	perfect
1954	another	billy	called	classic	eckstine	hit	single	timeless	top
handsome	heavenly	looks	met
another	exquisite	justice	mans	posting	remarkable	unique	words
posting	wonderful
male	recordings	sinatraphile	truly
billy	fabulous	underrated
1970	history	knew	lived	magic
exquisite	mandolin	piece	played
anybody	guy
renamed	rendition	should	wonderful	wow
blood	carlos	flesh	movie	played	thompson	tune	wonderful
difference	hearing	keep	noisy	romantic	true	tunes
11	17	18	baby	days	girl	granddaughter	nine
end	head	makes	musical	slap
became	before	crap	enough	everywhere	long	played	radio	respectable	rock	roll	used
naughty	pop	should
environmental	file	impact	statement	town	whirl
scary
everyone	lot	should
ads	belong	came	care	donald	epic	greeted	group	hillary	message	pissed	political	trump
away	breath	exercise	literally	needs	says	son	takes
adult	adults	back	beings	bringing	brought	children	consider	future	given	hands	human	incredibly	instead	into	lies	names	new	playthings	scary	stupid	whose
baby	parents	told
baby	days	door	exactly	favorite	guy	new	next	nine	told
cell	download	put	where
back	insinuations	lyric
50	boo	go	pop	pure	rock	roll	white
believe	dislike	new
connotations	days	different	lady	lane	naughty	shady	well
almost	couple	favorite	lady	loved	lovely	met	often	play	rip	ruby	times
15	17	accident	bike	came	died	friend	jimmy	motor	name	nana	scary	story	year
friend	goodbye	jimmy	tell
because	channel	found	guessing	jerry	posted	said	vale
ago	commented	didn	figured	jerry	long	seems	vale	where	yes
dance	daughter	go	living	loves	room	says	sway	swing	weak	year
00	highest	leave	startled	volume
after	apart	arte	because	being	called	couple	el	en	fantastic	heaven	met	show	ti	us	used	work
16	anyone	legendary	na	name	please	singers	type
english	go	later	learn	lyrics	said	say	sway	thought	weak
chocolate	cigar	coffee	cuban	disturbing	draw	faster	imagination	need	partner	without
cases	few	language	lyrics	new	original	translation	where
tech	us
bit	dancing	dean	down	favorite	feel	headphones	pretend	put
new	versions	year
before	father	lately	listened	loved	sang	sometimes	which
buble	dean	martin	michael	original	prefer	spanish
bottle	carnations	champaign
curtis	discovering	least	photo	pleasant	resembles	thanks	tony	youtube
backing	being	dickie	didn	looking	melodic	need	singers	true	valentine	well
new	performance	terrific
1958	big	charismatic	couple	crown	door	frankie	gilmorton	green	hits	hotel	local	original	sang	strength	tower	uk	vaughan
1958	called	certain	comment	dickie	elvis	find	frankie	further	guy	international	male	mr	nme	poll	presley	previous	running	slot	taking	top	uk	valentine	vaughan	vocalist	vocalists	voted
billy	flowed	fury	isn	right	though	totally	unacceptable
billy	fury	predating
april	charts	listed	march	popular	uk	us
channel	congratulation	discover	france	hello	pleasure	sharing	sincerely
ancient	break	enjoy	regret
mans	stops	texting	whose
every	form	greetings	netherlands	play
done	original	release	well
actress	anyone	tell
fantastic	forgot	gorgeous	hello	woman
almost	bring	eyes	tears
actor	believe	crowd	end	image	movie	tragic
covered	mean
course	seen
30s	60s	70s	74	alive	anymore	brenda	buried	ending	forever	forgotten	generation	happy	historical	lee	new	sironaca	youtube
inverted	men	nowadays	once	upon	women
because	enjoy	even	everyday	last	treat
departs	everything	fades
emotional	feel	lyrics
another	greatest	oh	same
around	end	meaning	same	which
anything	done	everyone	forgets	help	hoping	lol	meaningful	might	outstanding	pay	person	put	repay	say	sees	selected	shots	single	together	wanted	work
brenda	lee	thanks	youtube
came	crap	felt	holy	next	right	serious
seen	tube
actors	index	interesting	movies	see	them
relevant	wow
10m	change	communicate	fans	knowledge	lady	language	little	sironaca	voices	without	wonderful
effect	enough	funny	including	relationships
over
go	magic	sway	technique	weak
bless	dean	martin	may	soul	wonderful
dance	down	failing	fight	headphones	platform	train	trying	urge	waiting	walk
gold	pure
bs	democrat	everytime	sound	starts	violins
because	darkness	different	flower	guess	interpret	light	rising	sun	talk	things	words
child	especially	fantastic	loved	young
60s	70s	attraction	beauty	faces	full	natural
appreciate	green	listener	sings	youtube
045	artist	birds	clip	mean	movie	showing	sings	snow	stars	storm	sung	two
during	hanged	lived	lol	mind	probably	racism	remember	sometime
big	every	girl	little	single	understand	word
heartbreak	makes	pain	sound	suckers
handsome	look	past	present
romantic
davis	difference	feeling	least	made	makes	original	puts	seeing	skeeter
days	intelligent	later	nicer	pretty	women
wonderful
cherish	every	moment	reason	should
screen	silver	stars	thanks
again	although	bogged	breaks	down	everything	feels	live	recover	relationship	says	takes	things	true	young
actors	brilliant	compilation	compliments	genius	greatest	hard	pure	screen	silver	sironaca	work
able	add	addition	age	alan	barrymore	being	clift	credit	dean	didn	extra	few	ford	glen	golden	half	hollywood	james	john	ladd	list	men	montgomery	movie	name	offhand	over	past	picture	re	running	shown	someone	sophia	spencer	stars	stills	stumped	though	tracy	veronica	wayne	well	without	women	wonderful
let
ability	express	meaning	point	things	unable	understand
also	belief	nothing	reflects	without
advance	anyone	comment	corresponding	does	movies	pictures	please	tag
1963	27	cause	feel	incredible	kind	living	makes	missing	released	saying	ve
planet	thought
abandant	blessing	divine	eternal	grace	hard	our	promise	receive	recognition	reward	see	selves	through	waiting	welbeing	welfare	work	working
anything	doing	sounded
automatically	bethesda	fallout	gaming	personally	playing	started	thanks	until
goodnight	listened	thankfully
gold	recommended	youtube
actress	anyone	background	cigarette	clip	does	glass	hand	holds	name	over	photo
anything	broken	hearts	help	hurting	mended	sorry
brenda	collection	dopamine	hit	however	lee	little	otherwise	outstanding	place	seems	singers
names	photos	posted	recognized
assured	forgotten	list	loved	rest	restore	sorry
slides	stars
go	iconic	images	job	movies	perfect	seen	sironaca	special	ve
emotion	full	loving	person	true	yes
150	blame	boring	cookie	crop	cutter	duration	emotion	entire	fry	mph	over	re	singers	teachers	use	vocal	young
came	experienced
actresses	distinguish	gone	look
actress	anyone	close	dark	does	face	featured	haired	half	see	through	youtube
angel	anyone	dynamite	little	men	miss	peace	second	sent	us	voices	women
emotion	interpretation	lot	woman	wow
angel	dreaming	human	slap	wake
expressions	face	fits	new	pictures	put	story	tell	whole
around	chen	end	genuinely	peter	sung	touching
briefly	feeling	glad	joy	leave	left	shared	us
moments
absolutely	gut	hit	lot	monumental	quite	sang	sorry	unusual	ve	which
arrangement	distraction	huge	images	jumping	poor
brilliant	changes	even	everyone	feel	happen	happened	lost	makes	things	thinking
before	touching	wonderful	words
full	give	melancholy	sorrow	use
devastated	does	feels	stops	times	yet
believe	dynamite	few	little	modern	perform	superb
couples	heavenly	legends	overlapped	screen
again	kind	melody	performance	unbelievable
anymore	barely	brenda	every	favorites	fifteen	goodness	heartstrings	herself	hit	home	lee	list	lyrics	reality	sang	set	sure	them	torch	understood	younger
asking	bless	dear	friends	offering	our	protect	wherever
absolutely	brings	eyes	makes	see	story	tears
apart	ll	lyrics	meaningful	movie	powerful	soundtracks	understand
compared	garbage	lot	singers	todays	total
affair	ends	moment	separated	yes
between	fantastic	frames	off	putting	strange	sure	transition
50	brenda	emotion	feeling	full	heaven	lady	sounds	tire
37	emotional	goddard	paulette
brilliant	choir	classic	ear	left	lovely	middle	million	perfect	piano	right	stereo	strings
against	battle	ensues	glorious	gun	last	makes	misunderstood	stand	tyranny	vigilante
actress	fantastic	woman
flows	opinion	original
almost	classy	describe	every	horny	nowadays	rebellious	romantic	story	which
called	dynamite	lil	miss	shes
brenda	brings	davis	does	emotion	job	originally	same	skeeter	sung
cant	greats
53	anyone	certainly	does	film	fits	star	superb	well
almost	every	female	rock	roll	vocal
40	anybody	cute	recognize	unforgettable	woman
child	comfortable	command	concert	deliver	ease	effortlessly	flat	presence	prodigy	seemed	signature	special	vibrato	vocalist
again	baby	boomer	doubt	era	experience	lovely	lyrics	ones	post	sadly	same	seem	shame	war	yes	young
add	black	coupled	days	easily	effect	enhance	gone	hey	long	lovely	magic	moodier	pace	photographs	plaintive	sadder	slower	sparkle	white
audio	create	say	wonderful
books	english	learn	messages
either	grandpa	send	wow
commercial	hilarious	samsung	somehow	until	which
happy	makes	newcomers	older	retarded	sound	turn	wonder
glory	jeans	morning	put	soon	wakes
funny	gets	jackson	legend	michael	played	radio	regarded	though
also	back	behind	co	crap	crowd	himself	history	knew	look	made	plus	rest	sadly	sell	stage	tunes	which	wrote
cds	days	dustbin	gary	glitter	into	over	probably	throwing
gang	leader	lol	want
everybody	excuse	honest	liking	nonce	re	rest	us
care	done	remains	same
committed	crime	discussing	enjoy	sick	without
funky	gen	instruments	parents	used	wow
being	cool	exceptions	few	find	frankly	made	meaningful	nicely	nowadays	performed	rhythm	seventies	significance	signified	something	sort	times	tunes
black	brothers	community	group	living	moving	perform	shows	stay	swoon	talent	tavares
amazingly	classic	gorgeous	titans
certain	every	scene	supernatural
car	fire	see	star	titans	waking
india	kind	series	titans
fade	taking
around	mom	playing	right	sharing	thanks
structured	ve
curious	living	members	original	tavares
bought	happy	supernatural	yeah
angel	around	creation	foundation	moral	our	principle	reason	us	values	wings
dance	dancing	disco	era
after	angel	arm	around	beegees	beethoven	boat	couples	cruise	dancing	disco	elaborate	even	fever	fifth	fires	gorgeous	happy	heaven	imagination	instrumental	kissing	lot	missing	must	night	princess	romantic	saturday	say	sea	see	ship	shoulder	though	walking
cannot	handsome	look	over	sound	stil
age	classic	golden	pleasure	priceless
band	college	drum	excellent	horns	line	percussion	perform	show
18	days	die	honestly	kind	lol	masterpiece
gold	matter	remain	timeless
comment	eyes	future	leave	ll	see	tears
crying	eyes	killing	lyrics	tears
earth	heaven	shine	shined	ya
2019	born	others
falling	rain
awakened	dream	played	scared	vivid
cry	hold	legends	makes	myself
10	came	least	played	times
carpenters	classic	even	gets	perfect	privilege	representation
bag	beaten	being	birds	cat	morning	natural	paper	pure	singers	sounds	spring	talent	type	unlike	wake	whose
expensive	iconized	something
20	born	browsing	father	found	teenager	while	year
controls	each	note	notes	quality	should	sound	unimaginable
born	year
blocks	box	comments	hey	move	please	sort	texting	youtube
clear	english	every	karen	mother	nowadays	pronunciation	rare	sings	tongue	understand	which	word
breaking	cry	part	where
bit	cry	hell	little	makes	mean	surely
abroad	appreciate	english	find	happy	looking	lyric	spend	studying	understand	without
bless	comment	family	may	read	wonderful
15	crying	damn	feel	girl	kinds	likes	reincarnated
60s	backing	born	enjoy	oh	sometimes	vocals
butter	cant	describe	honey	over	running
calmness	comes	every	feeling	happiness	smile
auto	back	era	form	funny	generations	grandparents	introduction	lest	listened	listeners	look	parents	say	them	true	truer	tuned	youth
because	choir	glad	head	learn	lol	stuck
close	different	eyes	yesterday
loved	ones	remains
daughter	likes
art	artists	brilliant	develop	given	millions	museum	over	piece	pleasure	vocal
clear	colorful	die	karen	unique	young
goes	memory
became	cause	crush	favourite	friends	go	home	knowing	name	repeat	search	talking	thanks	without
before	biggest	carpenter	effortless	far	favorite	go	inspiration	karen	own	performing	practice	pure	recordings	use
after	born	clearly	creation	credit	documentary	even	geniuses	gift	given	iconic	learned	responsible	style	success	two	watching
down	female	greatest	hands
days	nonsense	timeless
cruel	darkness	short	surrender
70s	bad	billboard	brown	kept	leroy	pop	possibly	pretty	rock	slot	stupid	written
30	32	another	believe	combination	credit	depressing	deserved	duo	emotion	emotions	feeling	female	go	guess	hits	imagine	into	musicians	passed	personally	probably	put	relate	richard	said	sang	through	times	truth	well
makes	wonderful
artist	break	forever	kind	live
attention	bring	disease	disorder	eating	even	foundation	lost	name	needs	passed	prevalent	question	should	society	soon	superstars	tragedy	two
course	drum	famous	oh	splendid	track	work
appreciated	game	may	movie	recall	reference	where
anyone	please	share	similar
already	dare	even	into	tears	watching
friend	mean	sounds
before	car	door	drive	hang	movie	movies	play	sounds	speaker	window
asleep	crying	fell	little	play	sister	started
brings	ironic	lovely	must	tears	voices
2019	anyway	likes	listens	mom	sings
attention	beating	bless	clean	crap	draw	garbage	karen	live	others	resort	themselves	without
ages	describe	emotion	feeling	perfection	smooth
seen
eyes	few	others	tears	touches	typing
detailed	evergreen	everything	moving	musics	quick	rip
1969	1973	album	anyone	bought	dad	early	far	go	lot	loved	mother	single	singles	touch	vocals
darn	eyes	onions	put	running
backs	future	hope	look	memories	service
admit	days	generation	grew	ll	part	wasn
however	put	soul
because	grandparents	hanging	kind	parents
alone	happened	hip	hop	our	put	rap	together
cover	feedback	give	hope	made
bankrupt	brother	hope	lived	off	problem	see
1st	70	after	background	chorus	comma	half	melody	name	noticed	piano	riff	says	shines	sings
disliked	taste
classic	forever	truly
imitated	once	resonance	totally	unique
gave	lyrics	speak	team	themselves	us	wonderful
clear	crystal	else	melancholy	recreate	remarkable
casper	change	key	made	recorded	ride	ticket
dear	friend	weekend	wishes	wonderful
anyone	laugh	liking	makes	thought
artist	beautifully	fantastic	female	find	lyrics	match	written
absolutely	devastating	down	loss	sends	shivers	us
affluence	disturbing	era	made	masterpiece	necessary	richness	state	things	valued
excited	knows	night	same	say	thing	thought	want	work
industry	loss	tragic	unique	voices
bloody	drums	era	fantastic	heartfelt	lost	play	pretty	problem	recluse	sadly	say	soulful	unheard	wanted
meta	realized	something
age	birth	death	perception	sorrow	suffering
almost	apologize	came	charge	completely	discharged	phone	preserve
000	100	around	bankrupt	barbados	becomes	being	billion	billions	business	carlos	comes	company	concern	concerns	director	dollar	fall	friend	further	go	goes	hinds	holders	invest	king	lawyers	managing	nothing	peter	share	suicide	zulus
age	height	left	prime	talented	us	young
anymore	singers	timeless	truly	wonder
another	behind	clear	damn	effortless	ended	enjoy	karen	left	lot	rip	seemed	soon	taken	woman
able	arranged	brother	crafted	credit	enough	gets	quieted	repackage	richard	shame	soon	wonderfully
before	soul	touches
anymore	bad	childhood	thing
400	bought	btw	carefully	curios	daughter	doll	dollars	find	googled	indeed	karachi	listened	loops	low	pakistan	part	preset	quality	rupees	sound	where	words
close	feeling	five	happy	into	matter	seconds	tears
body	every	melodious	sings	sweeter
act	allergies	died	everytime	eyes	lose	start	watering
asking	blacklane	bolt	boot	car	class	even	fresh	into	long	off	pie	shove	steamer	well
america	another	comment	nam	play	played	radio	saw	viet
being	couldn	depressed	done	everything	fixed	help	nothing	sadder	undo	wished	yourself
30	awakening	chopin	cried	ending	kate	last	minutes	monday	reading	straight	while
latina	mixed	pretty	race
90s	child	house	incredible	sounds	track	wow
accent	although	dc	girl	lol	moan	southern
2019	disco	even	fresh	house	often	shows	sounds	timeless
14	back	bell	concerning	end	fashionable	guess	hair	same	shape	times	wow
black	either	fantastic	girl	mixed	race	thought
1980	1981	90s	attempts	dead	declined	disco	july	lived	rapidly	revival	short	totally
especially	feel	feeling	happier	itsliverpool	liverpool	low	making	track	tune
age	doing	done	dream	gifted	lot	tender	well	where	wonder	young
25	age	anyone	before	business	couldn	dance	hair	mess	million	oh	other	popular	presence	retired	seen	show	showed	stage	things	wasn
adorable	also	beyond	complexity	nuance	yet
after	also	band	because	being	due	enough	full	fully	hits	knew	lived	long	made	maybe	mostly	popular	problem	rated	say	see	stay	together	underappreciated	underrated	understand	yes
another	beauty	black	blow	call	channel	didn	english	few	into	laugh	longer	playing	staves	super	thing	though	tire	tony	windy	wold
another	beatles	cares	clearly	conversation	harmonies	history	hollies	level	match	part	regard	same	took	vocal
ahead	around	end	go	guys	harbor	hey	horn	instinctively	into	kinds	laugh	looking	looks	nash	noticed	often	ships	things	towards	turns	wondered	yes
band	being	clapping	crazy	everyone	fantasize	going	guys	laugh	playing	told
1966	67	anybody	before	beginning	both	came	ears	else	familiar	following	hearing	hey	hollies	melody	memories	might	miles	minds	other	parallel	see	seems	ve	versa	vice	where	whispering	wondering	wrote
attention	before	course	paid	ve
150	actually	attack	future	herbert	hitler	next	novels	predict	predicting	predictions	pretty	series	shape	soviet	start	things	tried	union	wells	went	where	wrong	wrote
band	commented	gas	kid	register	station	stopped	store	system	them	tune	yesterday
bad	band	camera	deserved	dominates	equal	especially	face	instruments	lead	members	other	played	recognition	since
14	agree	british	grew	invasion	matter	person
anyone	brilliant	compare	cooler	future	guys	may	soldiers	tomorrow	without
already	biography	crossed	fans	few	making	mind	sure	tell	themselves	two	write
afraid	answer	expert	give	guitarist	looks	may	right	straight
80s	anybody	beatles	else	elvis	getting	influential	into	ironically	likes	once	saw	sounding	started	stop	them	thing	tunes	type
actually	admit	away	before	blown	embarrassed	listened	long	took
audience	checked	doc	doesn	dream	every	girl	hypnotizes	might	need	puts	race	seen	single	state
after	anyone	apparently	back	birth	died	dude	end	go	gospel	jesse	late	named	resemblence	seen	striking	tomorrow	true	twin
elders	gives	headache	honest	nowadays
agree	because	crap	elvis	gang	garbage	go	gonna	gucci	king	let	magnificent	new	person	please	replace	right	rolex	rude	seriously	sounds	wait
beach	dance	dream	hawaii	partner	wanna
4th	selling	single	worldwide
because	born	circle	comment	dont	generation	jerk	kids	ones	re	section	smart	thing	wrong	youtube
20th	artists	century	guys	mail	medal	recognizable	special	sure	want	wow
carefully	kind	story	tells
brought	glad	guy	hearts	king	lived	lives	musician	our
charming	mother	must	naples	original	say	speak	tongue
17	40s	50s	60s	age	alternative	basic	bold	compared	conclusion	currently	existent	experience	explicit	fossils	group	historic	however	illicit	isn	modern	non	others	past	points	pretty	profane	realise	taste
2019	80s	another	evoke	evolution	milestone	response	similar	sure	year
creation	evergreen	melodious	romantic	sweet	wonderful
lyrics	matter	repeated	same	times	tired
anymore	behind	being	broke	came	crazy	decide	dizzy	everytime	excitement	exciting	fear	look	made	night	person	running	see	seen	star	stop	ve	yes
almost	change	feeling	gonna	months	nothings	read	remember	strong
15	22	boyfriend	husband	last	loved	send	since	together	valentine
aren	bullshit	give	materialistic	true	where	written	wrong
down	gave	person	romantic	thumbs	want	wrong
1988	anymore	appreciated	backup	because	change	era	especially	fool	going	having	incase	may	might	nothing	otherwise	plan	ready	sacred	thought	track	true	upload	via	without
afternoon	anyone	beach	breeze	california	cool	dress	faded	floaty	lady	late	levis	linen	refreshing	romantic	sand	shirt	suggestive	summer	walk	white
lady	say	says	true
fantastic	little	new	should	someone
days	gone	nothing
brains	deserves	despecio	humans	light	makes	outbeats	something	swift	taylor	trillion	views	wonder	wrong
away	breath	certain	gave	held	hug	hugs	mind	omg	takes	thinking	tight
1987	back	fucking	getting	laid	looked	lot	mendes	must	shawn	ve
changes	crucifix	lets	look	okay	shirt	three	times
1980	certainly	focus	soft	sure	where	without
80s	during	especially	overplayed	perfect	weddings
banger	believe	matter	missing	year
being	call	called	deserver	evergreen	happiest	moment	priceless	thing	thousand
bad	believe	change	crying	feel	going	makes	nothing	someone
everytime	favorite	forever	question	radio	touch	wow
42	born	era	feel	kids	lucky	nowadays	play	proud	them
bad	caught	change	detention	gonna	ll	lol	nothing	since	sings	teacher	wonder
attractive	boy	dude	feel	huge	movie	natural	pinup	romantic	screen	seemed	side	soft	star	teenage	typical	ve
18	ago	change	feeling	gonna	lovely	loving	married	nothing	same	says	truly	wife
add	ago	couple	didn	find	honest	idea	innocence	kid	may	seems	sung	until	weeks
benson	called	classified	emotion	feelings	george	glen	hit	overall	popstars	pretty	sang	tune	wonder
attention	create	inside	live	snatched	taught	uncle
although	blue	budget	front	lol	lowest	probably	screen	seen	ve
aged	almost	cute	downhill	go	guess	guy	handsome	harder	looked	looks	middle	naturally	preserve	re	should	though	typical	ve	worked	young
ages	anymore	wrong
80	90	born	came	even	though	wasn	yet
again	believe	blessed	brightens	face	feel	hard	lost	may	melts	moon	send	stars	stop	sweet	thinking	thought	thoughts	ve	wait	walker	wanna
complaining	go	guys	ll	stop
kind
chock	college	cool	curious	educator	emerge	era	full	hi	himself	imho	mederios	mr	ones	pop	prep	president	pretty	reinvent	romantic	school	went
behind	etc	gonna	modern	other	take
actually	days	looks	meant	something	videos
cry	everytime	funny	girlfriend	hope	makes	same
find	innocent	kind	where
beat	classic	excellent	millennium	romantic
easy	exactly	innocent	right	says	simple	wants	woman
country	currently	going	husband	meaningful	present	reduced	sent	tears	through	tough	words
live	quite	record	sounds
ain	amen	anymore	gonna	loved	peace	performance	rest	says	scott	shine	sun	talent
background	definitely	live	performed	sure	vocals
awesome	limitlessly	parallel	reincarnated	universe	want	where
after	another	beginning	cause	cockamame	dead	door	dream	idea	improvement	light	loving	lucky	mean	minute	move	our	rest	room	says	second	seeing	should	special	sure	true	tunnel	wait
group	live	sounds	studio	well
brothers	frankie	mind	must	original	recollection	slow	thinks	valli	walker	yes
fast	four	horrible	seasons	thinks
again	apparently	came	loved	myself	need	supernatural	thought
anymore	gets	gonna	looking	lose	son	wife
arms	downy	easily	even	fore	hair	interesting	means	scott	see	technology	tendons	todays	veins	vintage
60	again	along	appeared	association	brothers	case	comes	didn	info	interested	jim	live	mary	original	re	realize	recording	show	smothers	sophisticated	technology	thanks	tube	where	yester
50	60	70	appearances	artists	back	band	didn	easy	engineer	even	frequently	making	need	needed	sound	studio	technique	tracks	used	weren	whenever
bass	cool	easy	echoed	emptiness	excellent	four	going	line	lose	lyric	miss	musically	nothing	piano	place	re	seasons	spectorish	start	stuff	win
further	guys	made	should	sound	theme	voices
1966	20	ain	also	among	anymore	aren	aware	beatles	brothers	charting	club	country	especially	fact	fan	girls	gonna	high	hit	larger	lead	less	new	number	particularly	popularity	reached	said	scott	shine	successful	sun	teenage	uk	vocalist	walker	well	which
1965	1966	2019	brothers	december	does	frankie	justice	label	originally	recorded	released	single	smash	successful	valli	walker
11	19	29	end	keep	powerful	timeless	until
beyond	eternal	idea	theme
away	else	father	morning	nearly	passed	shine	smiling	somehow	sun	sure	thinking	track
000	50	80	agree	ain	alone	anymore	being	company	favorite	funny	garbage	gonna	itunes	made	marin	mr	none	put	shine	stand	stands	sun	surname	trio	walker	wholeheartedly
america	american	band	britain	brothers	due	famous	history	made	may	righteous	walker
alike	artistically	because	both	brothers	confuse	deal	deserve	groups	magnificently	masterpiece	outstanding	probably	reason	respect	righteous	sound	sung	unforgettable	walker	wow
2019	28	again	aloud	apt	every	four	listens	loving	second	sept	should	three	trick
gonna	head	ones	rings	shine	sun
60	ago	couple	era	every	fantastic	instruments	into	lyrics	missed	posting	ran	somehow	thanks	voices	weeks
10	doomsday	favorite	knowing
clarity	depth	deteriorated	male	sounds	timber	vocalist
definitely	even	five	loved	tire	top
bad	create	didn	enjoy	forever	greatest	history	master	musical	pieces	us	voices
break	crazy	drama	easy	meaning	take	yourself
dead	forever	generation	glorious	musicians	our	shared	us	wake
60	available	back	beautifully	classic	crafted	defining	equipment	era	given	haunting	moving	recording	sound	them
artists	fame	generation	lust	money	new	nobody	nowadays	sucks	touching	write
each	listened	million	perfect	times
19	60s	additional	away	blows	correct	drummer	fantastic	format	headphones	hearing	hidden	kan	magnificent	mind	off	our	player	presenting	production	ps	record	somewhere	stereo	thru	try	uk
beam	captured	died	download	era	own	scottie	shined	since	sound	sun	yet
company	create	intelligible	orchestra	overwhelmed	record	vocals
awful	camera	clever	clip	considered	despite	irritating	microphone	obscuring	performance	perhaps	singers	work
brilliant	detract	difficult	elsewhere	imprinted	look	mind	once	seen	sound	tight	trousers
feeling	innocence	kinds	little	original	pure	spirted	vocals
again	arrangement	because	compare	doesn	every	favorite	few	harmony	ll	past	perfect	super
60s	ballads	brilliant	engel	full	given	masculine	melancholy	mid	pop	scott	throttle
before	going	keeping	pretty	ricky	watch
bass	bottom	does	home	miami	tell	well	whopper
80	90	back	bass	classics	early	era	florida	honestly	lock	mid	say	south	through	whole
agree	anything	ask	cookout	every	family	fits	genders	generation	greatest	hey	let	muchm	other	party	play	races	same	seemed	situation	tell	them	type	ya
beat	coincide	degrade	diss	downgrade	innovate	inspire	lost	made	motivate	na	need	purpose	sha	want
because	called	felt	men	our	soft	told	try	where	women
ago	bit	email	few	information	intended	little	lot	months	next	schedule	see	solely	week	weeks
age	classic	comments	dumb	exactly	may	means	nor	other	others	say	tomorrow	twice	whatever
age	await	ball	dudes	imagine	leo	less	masterpieces	natural	passed	pop	radio	talent	tarts	them	wailing	written	young
enchanced	era	graphics	hd	simplistic	something	special	yet
end	happens	paint	pretty	wearing
after	came	cute	grandma	guy	smile	street	sweet	yes
after	amount	dog	included	lady	media	myself	powerful	seeing	source	sweet	twitter	unbelievable
after	came	chihuahua	dog	herman	intelligent	jack	lola	loving	malinda	mix	owned	rescue	russell	say	terrier
different	find	format	prefer	seen	soothing	ve
able	beauty	bottom	delivered	message	tomorrow	twice	unfortunately	weight	word	youngsters
advance	chorus	com	goes	hard	https	melodica	months	off	remember	s160cdsw59ye	same	similar	something	starts	thanks	trying	ve	vocaroo
boyfriend	future	say	tell
over	special	young
after	came	girl	girlfriend	happened	marry	new	scruffy	unattractive	wonder
another	around	bulls	dance	days	epileptic	feels	guy	look	lot	noise	seized
cars	clear	drive	late	night	relaxed	streets	tune	vibe
california	car	desert	driving	golden	imagine	moment	roadway	sunset	through	warm
dear	film	permission	re	short	sir	use	want
forget	gives	leo	memorable
boot	looking	talented	well
80s	broadcast	classics	early	era	huge	other	pop	radio	streaming	them
70	80	art	care	generation	musics	part	signers	true
before	bit	breath	came	every	gather	sounds	take
another	cry	guy	mean
else	gift	giving	goes	keeps	someone
dance	dancing	friends	keep	mind	physically
another	elvis	guy	original	thought
annoying	assume	certainly	dancing	does	feel	himself	judging	leo	listeners	sayer	viewers
crazy	eye	fell	full	insane	loud	sometime	sorrow	tears	unsaid
action	afro	apparent	background	bizarre	bob	down	entire	hot	painting	reason	ross	seriously	throughout
40	brought	c9	daddy	dated	film	haven	home	instrumental	myself	sweet	thought	vintage	yeah
80	adult	arranging	away	complete	couple	dozen	golden	later	made	melody	message	oldies	orchestration	other	outstanding	pull	simple	standards
countrify	course	may
dislike	hits	home	right	someone	understand
devices	digital	excellent	far	lyrics	modern	produce	rely	singers	versions	which
arts	class	family	fan	future	happiness	health	legenda	light	luck	musical	prof	rock	soft	young
accepting	age	big	currently	dates	dudes	every	girl	guy	ha	hair	im	international	mean	pink	pretty	range	suit	them	want
cutting	doing	gifts	giving	making	pictures	them
absolutely	favorites	hearing	tire
cup	extremely	isn	melting	tea
1980	around	boyfriends	brother	doormat	favorites	gonna	let	look	safe	sort	tell	though	use
care	clown	funny	guy	hospitals	kids	least	leo	nonetheless	others	sick	started	thinks
going	opening	painter	richard	seeing	simmons	softly	speaks	suggest	thing	well
afraid	feel	someone	tell
age	comes	dear	friend	glad	important
