071	477	8000	8565	city	collier	converting	correct	ec1v	hampton	hpgl	iii	img	laserjet	london	pd	plotter	response	sd345	tga	tif	unit	utility	x3769
28	algo	along	ani	aniruddha	area	background	bezier	body	bounded	cell	cells	cool	curve	deglurkar	divine	done	gurus	human	individual	inside	irritated	kentucky	loop	mapping	math	mesh	notation	patch	rectangular	region	rejected	rendered	sake	sciences	segments	smaller	solve	somewhere	splitting	stay	thiss	trimming	trivially	uky	uv	whole	wholly
05	amjad	appear	brightness	ccs	certain	circuitry	coded	correct	corrected	correction	digitizing	displaying	encoding	eng	errrors	expires	filter	follow	gamma	glue	grey	intensity	law	levels	linear	linearities	maryland	monitor	ntsc	park	response	signal	signals	sometimes	soomro	supposed	tubes	tv	umd	wam	words
115a	1170	205	2213	35294	5473	60hz	64	934	ago	al	alabama	birmingham	btg	c51c4r	campbell	csc	didn	displaying	drastically	exposure	friend	gray	grey	hall	hc	jon	kenneth	levels	photos	plus	precision	preparation	reduces	rowlands	sciences	seconds	slices	sloan	station	synchronized	ti	timing	took	total	uab
although	bc	british	chic	clothes	clothing	columbia	company	dig	exploitation	fake	interesting	link	lit	mike	mike_peredo	mind	mindlink	mp	opened	peredo	promotional	recently	ridiculous	selling	spot	vancouver	vr
24x	cormack	d91	difference	et	gskolan	hermansson	hes	hj	nk	pc9_b109	ping	slight	stefan	tekn
040	18974	20mhz	25mhz	2bd07605	30fps	3d0	3di	6xx	____________________________________________________________________________	acorn	against	arm	arm6x	arm6xx	backdraft	barris	beat	ben	blockiness	boot	cache	cam	cambridge	centris	cl	clips	clock	codec	colour	compact	compactvideo	cos	couple	cuddly	cymdeithas	depends	displaying	dithering	dsps	earith	eat	essential	flat	genedlaethol	graduation	heed	hopefully	housekeeping	inversion	jaws	latter	mhz	mike	mips	mjw19	movies	mwythus	oac	obviously	orion	pants	pay	philips	phx	processor	ps	qt	rate	rbarris	replay	reps	rom	rumours	saying	service	showing	slower	society	stacks	stop	supposed	surrounding	talking	teigrod	tigers	traddodiad	tripos	troi	uci	unit	waered	whether	williams
13h	320x200	across	assembly	blitter	calling	cpu	dave	destiny	drawer	dstampe	engineer	extensions	fill	game	inline	life	msdos_uploads	poly	psych	psycho	psychologist	psychology	quan	rend386	renderer	reupload	sol	stampe	stephen	sunee	surv	techno	times	toronto	triangle	txt	utas	uwaterloo	vr	wetware	wuarchive	wustl
abad	appearing	associated	chars	coronado	depth	emmanuel	fonts	g9134255	mtv	noel	nsw	raytrace	scenes	stroked	textures	traced	uow	wampyr	wollongong	wondering
acs	bottom	designers	fashion	ge	gwang	magnus	million	ohio	pointers	professional	recommendation	wang
analytical	analytically	angeles	approximately	caspian	deal	determining	ellipse	everyone	failed	ideas	interests	los	months	nonlinear	offset	pressure	quickly	recalled	share	solved	solving	southern	spent	suddenly	technique	yeh	zhenghao	zyeh
11670	131239	152	1993apr19	34	578	66319	77	84	acm	acns	amann	announce	aragorn	ariadne	athens	chair	chapter	colostate	conference	culture	editor	esperidon	finish	finished	fotis	gr	greece	greetings	halandri	home	iam	lance	longs	mcsun	minute	months	nick	nikolaos	ntua	organizing	participate	serious	soc	stephan	student	theseas	ua	unibe	xia	xz775327	yuma	zhao
39	735400848	abuse	agrees	allen	amount	app	appendix	assholes	bizarre	capitalized	certainly	chalk	complexity	deal	defined	designed	despite	effort	emphasis	environments	expense	fact	fair	flexible	generating	goes	immense	import	inability	interchange	job	led	load	man	mine	minutes	misuse	neither	nova	opposed	options	page	pd	philosophical	philosophically	poor	powerful	preston	prestonm	reasoning	saying	significance	simplicity	sort	spec	specification	success	takes	took	trapped	trouble	unnecessary	usually	whenever	won	words	worried	worse	writers
alberta	anyways	appreciate	cab101	graphic	huisman	ken	kenneth	knows	pass	preferably	shot	ualberta
_______________________________	according	adams	bytes	calculation	came	chosen	creature	deep	douglas	everything	exposure	finally	fripp	galaxy	galki	guide	haaden	hitchhikers	ingeniorhogskole	joachim	kih	kongsberg	launched	life	lous	makes	masking	millions	philosophical	philosphy	picked	pl8	reveals	rotfl	samson	sheep	showing	significance	significant	spec	specification	suggestions	took	toppoint	ulrich	universe	wondered
12602	147	163	1673	1989	435	914	950	_______________________________________________________________________	acm	bezier	c13	calculating	capelli	characterization	corp	cross	cubic	curve	curves	cusp	derose	detecting	disclaimer	ferdinand	geometric	ia522b1w165w	july	maureen	ny	oeinck	p230	parametric	po	poster	poughkeepsie	pp	references	represents	ron	stone	tog	tony	ureply	views	vnet	vol	waterland	wlink
0303	575	594	619	6218	7477	92182	arrays	arrowheads	arrows	diego	done	gnuplot	graphical	home	office	philosophy	plot	plotting	pointers	representation	san	sdsu	services	thanx	thought	tom	ucssun1	valued	variables	vector	vectors	weston	whether	whose
33	44	alfred	bump	bump_map	burnaby	camera	circumstances	daniel	direction	dkennett	finite	finitude	fractal	fractint	fraser	grasp	human	infinite	infinitude	kennett	landscape	life	light_source	location	look_at	mapping	minds	north	onto	palette	plasma	possibilities	povray	purpose	seem	sfu	shapes	simon	soul	spher	surf	surrounded	texture	textures	trouble	whats	white	whitehead	wrong
always	ames	apollo	arc	breath	c5q0hk	clldomps	cloudless	colour	dm	dompselaar	feeling	filed	hanging	hawnews	hunt	ie	iff	kod	living	looks	louis	mapped	mission	okay	rick	ricky	room	ruu	scanned	skin	subdirectories	tend	turner	utrecht	van	watson	words
386	animated	brant	brr1	cesspool	cheap	class	clueless	compatibles	computers	cosmic	delight	disney	friend	kiedas	lehigh	moshing	movie	ns1	physical	put	relatively	rhcp	richard	ritter	sorts	thanx	vcr
134802	1993apr15	1r6v3a	21995	26	39	486	5543	added	af	berkshire	bink	blaze	bort	brian	bug	bugs	cheap	client	cobol	compiler	complain	cool	core	courage	dactyl	defined	dogfight	dumped	england	etry	extn	fg1	fixing	flying	focus	forgiving	hammer	living	ltd	mfltd	mfocus	micro	mips	mixed	modules	motif	multiverse	newbury	nfluence	nothing	obscurity	pariah	pascal	plk	rf	ridout	rj2	rm	rs6000	ruff	rum	sherwood	simply	sparcstation	splat	static	street	sts	survive	svr4	svr4s	twice	uunet	variable	west	wouldn	x5543
eicn	etna	gnu	gnuish	indicates	mailed	recently	std	subdirectory	wayne	wdm
dat	hochschule	ilmenau	informatik	institut	irit	irt	merkur	prakinf	praktische	raytracer	schmidt	sebastian	technische	th
26	486	5543	berkshire	blaze	bort	bug	bugs	cheap	client	core	courage	dactyl	defined	dogfight	dumped	england	etry	extn	fixing	focus	hammer	living	ltd	mfltd	mfocus	micro	mips	modules	multiverse	newbury	nfluence	nothing	obscurity	pariah	rf	rm	ruff	rum	sherwood	simply	sparcstation	splat	static	street	sts	survive	svr4	svr4s	twice	uunet	variable	west	x5543
adhering	become	bus	chips	companies	dwinnell	effect	local	lots	manufacturers	pitt	pittsburgh	wbdst	william
20hz	386	8900c	acceptable	budget	canberra	eng	exchange	mierzanowski	play	price	sci	starting	student	surprise	tag	therefore	tp892275	trident	vine	warranty
206	4535	543	bitnet	bolson	boy	cardiovascular	carson	checked	coplanar	edward	embarassing	exactly	farin	fitting	gems	geometry	immediately	loss	max	mercy	milton	preferred	seattle	solution	straightforward	trivial
38	advantage	aio	amsterdam	automatically	below	blow	bw	care	certainly	cold	colored	dirty	dist	dithering	dots	down	faculty	fit	fortunately	fwi	gives	grainy	graylevel	hardcopies	hardcopy	helps	ic	instead	ixos	job	less	lets	life	looks	louzy	lpr	marcel	mars	mathematics	neat	netherlands	noturn	options	pnmtops	ppm	ppmtopgm	prevents	print	printed	rotated	scaled	short	smaller	specified	specifies	stein	stinks	takes	uva	white	wide	wider	width	wijkstra	within	x11r4	x11r5	xpr	xwd	xwdfile
adamski	b5l	c5n3x0	cso	fairly	game	joseph	lucas	ma	northampton	orourke	osprey	rourke	smith	sophia	ux4
brook	caffeine	clog	comedian	csws18	diego	drunk	falling	grab	grass	ic	jmuller	keep	libserv1	llnl	muller	reason	requested	rigby	sisal	stony	stupid	sunysb	until	wayne	york
0293	130854	15mhz	1993apr20	27039	5ha	75	776495	785544	815387	877261	adapted	additional	although	anyway	awesome	binary	capabilities	cartridge	cool	cross	divil	ert	europe	expect	ext	faith	fmv	forum	future	games	gremlin	guest	hernandez	hotel	interative	international	issue	laboratories	labs	lane	lemmings	levels	licensed	litil	magazine	mario	meaning	media	mention	mentioned	microcosm	motion	muchado	multimedia	negociated	nintendo	oak	philips	potential	prl	prlhp0	prlhp1	provided	psygnosis	rage	rchland	recently	redhill	represent	retailer	rh1	rights	rumours	samson	section	seri	seventh	soccer	speaking	sprites	started	statement	striker	surrey	telex	titles	tricks	virgin	vnet	worldwide
735550992	al	balsa	barnsley	berkeley	bulf	clear	computers	covers	dr	et	everywhere	fair	fractal	fractals	helps	intro	inu530n	iterated	jbulf	jeff	kpc	kubota	lindblat	middling	monash	pacific	peitgen	rachmat	technique	thanx	thorough	title	treatment	worse
_24x_	ati	cjpeg	created	dane	darn	diamond	easiest	ednobles	edward	hear	jasper	junior	love	nermal	nobles	oren	ortn	photofinish	pl8	povray	pro	rosa	sacam	santa	santarosa	solution	tga	ultra	winjpeg
113223	12092	1993apr17	320x200	320x200x256	a2i	amazing	appealing	arno	bolero	bryan	bryanw	comes	correct	correcting	exists	fr	gifs	glad	guess	imag	lost	major	missed	rahul	remember	schaefer	sls	sound	subdirs	switch	vgalib	wasn	woodworth	xwindows
26	2ax	2by	2cz	approximate	average	datapoints	determine	electronics	equation	error	estimation	estination	fel	fitting	hand	laboratory	left	minimise	numerical	p4	parameters	physics	quick	recipes	rewritten	rijt	rytg7	situations	solve	spherical	sqrt	sqyares	tno	van
0200	06	150	203	2490747	2492930	35	61	anu	approaches	australian	award	buchhorn	canberra	cheers	crop	facility	fooled	hdf	hence	imconv	international	looked	markus	mess	minimalist	muchly	ncsa	octavia	odd	originator	parallel	pointer	readers	restructuring	started	storage	strange	structure	ta	turned	utility	whatnot
balboa	cartography	direct	dyke	eng	gifs	infotec	interesting	irvine	lee	lvandyke	sunkist	tia	uci	van	west
12091	193758	1993apr19	always	appear	beware	breath	build	clldomps	company	competing	copyright	copyrighted	copyrights	didn	dm	dompselaar	feeling	generated	hanging	hours	hundreds	living	louis	man	newspaper	ottolini	printing	protect	richard	room	ruu	satellite	skin	soon	stgprao	sue	took	unlikely	unocal	utrecht	van	words
040	18974	200	20mhz	2bd07605	320x240	48	5000	against	arm	assuming	barris	base	berkom	burkhard	calculations	cec	centris	codec	compact	corporation	decstation	eerp	efficient	enet	equipment	frames	integer	karlsruhe	lutz	manager	mhz	mips	motion	multimedia	neideck	neidecker	nestvx	oac	obviously	orion	portfolio	predates	qt	r3000	rbarris	rumours	sec	service	stacks	task	uci
241	38	408	9760	alternate	bisector	bolson	boy	carson	checked	communication	compute	contains	coplanar	define	distance	easier	edward	embarassing	exactly	farin	fitting	formed	gems	geometry	gives	guest	hard	immediately	implement	interection	intersecting	leave	lie	loss	math	mercy	netcom	origin	pair	pairs	pass	passes	passing	perpendicular	planes	refs	repeat	segment	services	shouldn	solution	spworley	straightforward	thinking	trivial	unused	workable	worley
along	analog	camcorder	chaotic	continuous	creates	dynamical	effect	equipped	focus	foundation	freedom	grunge	hsv	hue	internal	international	knowledge	lance	lovely	mathematically	monitor	negative	netcom	norskog	phase	reversal	reverse	rotation	simulating	simulation	solarization	surprising	sweet	technically	thinman	transform	truly	turn	whose	wild	wisdom	yuv	zoom
47	adjustments	apply	bitmapped	boat	boebert	bumpy	click	contracting	contraction	converts	cursor	danon	differ	differential	digitize	digitizing	distorted	distorteddata	distortedreference	distortion	drawings	earl	entire	errors	excellent	expansion	flattening	global	ideas	informed	introduced	manually	mouse	notice	particular	pointers	positions	printing	projection	remove	removing	reproduction	resulting	rotating	satisfactory	saves	scanned	scanner	sctc	sets	significant	solved	solving	soul	stretching	successive	suspect	treating	treatments	understandable	uniform	uniformly	unknown	upon	ways	whole	whose	yaron
1nj	1qlobb	26	a2i	actively	affect	always	anymore	blade	bolero	bryan	bryanw	bug	c5levt	careful	chance	closes	dangers	decoding	destroyed	disks	drive	explaind	fat	fault	floppy	goes	gotta	hat	ie	important	improve	incredibly	keep	kevin	leave	merely	mind	needs	nevertheless	ok	omitted	open	overlooked	p5a	pointing	poor	rahul	regarding	rene	renew	saw	serious	sigma	situation	squashed	stack	stupid	targeted	thread	tue	tuegate	unless	unrevcoverable	updates	urc	walter	woodworth
10179	129	139282	1985	1st	201	282162	33	37	46	89	947	acronym	adobe	ago	algebraic	aliasing	alice	announcement	approach	april	arises	automata	axiom	baraff	bases	begin	bell	besides	bleak	bound	bull	caltech	cambridge	charisma	choice	circuit	cities	coin	command	compact	completely	completeness	computation	condition	contain	cornell	couple	cray	crowe	cuff	curve	dave	days	deals	deb	decision	delivered	derivative	determine	dickens	difficult	difficulties	discussed	discussion	divides	dobbin	draws	duff	dullman	early	eat	ee	electrical	encode	england	equivalently	eric	everything	exactly	examination	executes	expressive	finite	fish	fishing	forced	formula	forward	gather	geometric	gives	grobner	haines	halt	halting	hamiltonian	happen	hemel	hill	hopcroft	hung	ideas	importantly	incorporated	infinite	ink	inside	interesting	intersection	intersects	introduction	invoke	isbn	isy	jonas	jordan	kernighan	laboratories	labs	languages	laze	lemma	liberty	lies	light	linkoping	lipschitz	listed	liu	long	longer	loop	lpi	lyle	man	mathematica	mean	metrization	milliseconds	mind	modeled	murray	ncsmith	ndsuvax	nearly	newsgroups	newton	nj	np	obfusc	once	open	outputs	outside	overkill	page	papers	permission	phrasing	piece	polyon	possibility	possibly	pp	precision	predating	prefer	press	principia	prints	quick	rarely	raytracing	recent	reduce	reduced	reduction	references	regarded	regions	relevant	reprint	reprinting	restrict	ritchie	rod	satisfies	says	scatter	scrowe	semi	separated	separation	serious	sets	showpage	simon	situation	smith	snip	solve	successfully	sue	suggests	svax	sweden	tale	td	theorem	theory	timothy	tom	topic	turing	turn	ulman	uncountable	undecidable	ursyhon	voice	ways	whether	within	won	words	worse	yngvesson	yourself	zorn
03	07	121	39	881	abstracts	achses	actual	aim	always	apr	arbitrary	arithmetic	bearing	binhex	bob	bugfix	building	calls	carpenter	cfranz	chapter	cheinan	christian	class	clipping	comes	commands	communications	compatibel	contain	control	conversions	date	demand	description	didn	digex	dimensional	docs	drawings	easier	enclosed	enjoy	ethz	explain	express	extensive	extracted	eye	fastperftrig	feel	feelt	fixed	follows	fpu	franz	fri	fundamentals	game	grafsys	greenbelt	guild	helps	hqx	iiic	implemented	incoming	independent	keep	later	loading	mainly	makes	manipulating	manual	mar	marks	md	mind	mirrors	molecules	netters	nor	offer	online	oop	ove	parallel	pascal	perspective	pl8	poke	powerful	price	primitive	processors	programmers	projections	promise	pst	recommend	recommendations	removal	removed	resources	responses	rotating	rudimentry	saving	scaling	scenes	select	shading	short	showing	single	steffen	structure	sumex	supply	task	tasks	teaches	thu	transformations	translating	usage	vers	visualized	within	word	worry
44	465951	466666	482	7rx	angle	appears	appreciate	assume	away	axis	bill	calculations	camera	cannot	centre	certain	compensate	complex	conveniently	correct	cylindrical	dcs	deal	death	distance	distortion	due	ehgasm2	ellipse	emailed	england	firstly	football	highly	hole	hu6	hull	important	increases	isn	life	light	major	manchester	marshall	mathematically	mcc	metallic	minor	move	parallel	passing	photographic	placed	planar	pointers	projects	resembling	secondly	shankley	shape	shed	simon	solving	transform	transformation	tube	unlikely	uts	viewpoint	wondering
160944	1993apr19	20236w	29	300	____________________________________________________________________	afraid	baron	bitnet	cbw790s	clp	companies	corey	ecclesiastes	edb	experienced	ext	extract	glib	grasp	grief	haavard	havardn	hendrix	iff	increaseth	jimi	jpg	knowledge	mo	myself	nesse	nnr	o92a	professionals	s_1	sells	simply	smsu	smsvma	sorrow	southwest	speaking	tih	vm	vma	webb	wisdom
1praaa	alogorythmn	becomes	cross	dialix	eyes	generate	localhost	nn	oz	perth	pqv	quartly	replies	services	sird	sndcrft	stereogram	steveq	western
ago	believe	ces	chronicles	clearly	crowd	designers	duo	gamepro	horsepower	hype	impressive	issue	johnm	kmembry	lonestar	long	lot1rapnbh107h	magazine	mean	minutes	months	munsch	nation	noticed	published	rumours	rutgers	sega	show	shown	spent	spudge	stations	syndicated	talks	turbo	tv	viamar	vis	wired
25335	alice	att	bell	came	duff	forty	galki	hill	laboratories	murray	nine	nj	philosophical	significance	six	suggestions	td	times	tom	toppoint	ulrich
anagram	bandied	brunel	came	galki	hauke	joachim	kih	lous	once	philosophical	pl8	se92psh	significance	sort	sound	suggestions	tea	theory	thinking	toppoint	ulrich	uxbridge	yep
1qukk7innd4l	26	allen	almost	alt	apps	bothered	busy	cause	circa	closer	discussing	dislike	diverted	dr	engulf	everyone	faqs	happier	heavy	hurt	lioness	maple	misc	names	nerdc	nova	overkill	pixutils	rehashing	rogers	rtfb	specific	traffic	ufl	vs	warrant	whether
07	386bsd	andy	apr	bridges	clock	cwis	diamond	erc	hintmatt	home2	isu	merlin	msstate	patrick	proprietary	stealth	stelth	won
aron01	ascii	bitmapped	character	characters	erich	goldman	gs	independent	os	otherwise	parts	pl8	platform	raider	recognition	sachs	schlae	schlaikjer	taking	turning
________________________________	appreciate	artifacts	away	bloom	borders	boundaries	contour	contours	creates	everyone	fl	florida	gnv	goes	hearing	ifas	interpolates	irregular	knows	ld	lurking	money	plotting	pond	profile	response	sab	soil	spend	superimposed	surfer	trial	ufl	water
129	89	csd	csd4	databases	division	guess	introductory	milwaukee	mini	originator	padmini	pointers	references	says	services	srivathsa	thanx	uwm	wisconsin
105	21000	216	344	433	4413	44135	47	49	5029	5033	75	advancement	aircraft	akron	brian	brookpark	cleveland	composites	computers	corporate	cowen	curing	design	development	devoted	dr	efficient	engineer	erie	fees	fite	futile	galiatsato	gary	ge	horowitz	integrated	jason	jay	johnston	lerc	lewis	looney	lunch	manufacture	materials	matrix	modeling	molecular	mr	ncga	oh	ohio	penn	physical	polymer	practical	ram	rd	regional	registration	resistance	roberts	sampe	sarah	seminar	sikorski	speakers	sponsoring	stereolithography	structural	upadhyay	vassilios	williams
187	270	72	81	accepting	acsc	actions	activated	adaptations	adapting	add	addressing	allow	allowing	amateur	ambient	angeles	animate	animateworld	announcing	apart	associated	assumption	attached	attachment	avoid	away	basic	basically	berkeley	buffering	build	callback	calling	cameras	cannot	certainly	changes	cheap	choose	client	clients	collide	collision	colour	comes	comms	communicated	complicated	contributions	counts	cpuserver	criticisms	customizable	customization	dactyl	decide	designed	desperation	detection	determine	dev	develop	developer	developers	developing	device	disappointed	disclaimer	dogfight	due	easily	encouraged	enhanced	enhancements	enhancing	enjoy	enter	entertainment	event	events	ever	everyone	explained	explorations	extended	extension	extensions	fascinating	finally	focused	friction	functionality	future	futures	generic	getworldtype	gouraud	grant	gravity	handler	handling	happen	happening	hates	headache	heart	held	hierachical	hierarchical	hmd	immersive	improved	init	initialisers	initialization	initworld	installation	installworldobjects	interaction	interesting	kept	keyboard	kindness	light	limit	living	load	locally	located	location	loop	los	love	major	management	mapping	mean	messages	minimum	modelling	moment	mouse	move	multiple	multiverse	null	occur	occurs	optional	outrunning	panels	persona	phong	physical	plus	polygonal	positionobject	positive	potential	powerglove	practically	primarily	prove	provided	pure	rates	realistic	receiving	rectified	registration	release	render	renders	resources	respond	responsible	risk	selectable	separate	servers	shading	sleep	sockets	sound	spent	spot	stairs	supported	takes	terminate	terminating	texture	therefore	thought	told	totally	transparent	types	understanding	unfortunately	unique	universe	uscacsc	viewpoint	vr	wants	whether	wild	wireframe	wld	words	worlds	worldserver	writer	zero
1r1cqiinnje8	al	appears	christopher	compiled	corporation	coy	daemon	dimensions	finlay	floppies	glanced	helps	herringshaw	hunan	huntsville	intro	larry	larsen	llullaillaco	luke	mapped	markl	motivator	photorealism	published	r2	rastek	ready	repeat	sharp	srvr1	star	stephen	tdawson	tracer	traces	traycing	unit	wars	watkins
04	20084	2042	227	301	32850	3618	5000	5753	65	abstact	abstract	abstracts	acceptance	accepted	addresses	affiliations	alone	apr	april	attend	attendees	authors	basin	bethesda	byoh	carderock	cdnswc	computational	considered	deadline	deadlines	demonstration	designate	developments	distribute	division	dt	exchange	expires	factsnet	formerly	four	gmt	june	legs	length	lip	lipman	long	maryland	materials	md	minutes	naval	ness	notification	nswc	numbers	oasys	ocean	organizations	page	papers	phishnet	present	presentation	presentations	proceedings	progress	proposed	published	purpose	received	regular	reproduced	reproduction	sciviz	seminar	sent	sheep	shiek	short	sick	signatures	sixth	solicited	sponsor	sponsoring	stand	stockings	structures	submission	submit	taylor	telephone	tuesday	types	videotape	viewgraphs	voice	voicenet	vr	warfare	widely
157	24x	3dstudio	68	735211806	ability	activities	almost	alogirhtm	andreas	andreasa	apps	architecture	arff	brian	cfd	cfv	circa	depth	devote	dhhalden	difficult	discused	discussion	disparate	enjoy	everyone	everything	happier	headings	instructional	languages	lioness	mailing	maple	misc	modex	morphing	myself	needs	netters	often	organized	oriented	os	overkill	p9000	power	raytracing	reads	relevant	sort	sounds	specialized	specific	spend	sprites	sys	tha	toolkits	triangles	ufcc	ufl	vistapro	wants	weitek	wish	wonderful
af774	alot	bobcat	chad	cipiti	cleveland	cwru	ent	everyplace	exhausted	freenet	hava	heisenberg	hela	ins	knock	oh	ohiou	paint	piece	reserve	voxel	western
1024x768	24s	ati	basel	basiliensis	comparisons	costs	crystal	decide	eisa	especially	favorite	graphic	gup	kohut1	looked	matches	mb	miro	needs	planning	recently	references	switzerland	unibas	universitas	urz	vlb
115	1939	22448	5000	663	703	8332	alone	aris	dahlgren	demetrios	displaying	ds	i486s	khoros	libraries	nswc	numerous	providing	recompile	required	sapounas	sgis	stand	surfaces	va	xlib	xm	xprism3	xt
235	273	310	640x480	8872	8971	90212	9100	associates	beverly	blvd	brochure	bureau	capture	cymk	einstein	eps	express	extract	film	hills	insert	layout	lintronix	mapsut	operation	page	printed	pull	quark	sales	separate	separation	service	shmuel	store	suite	wilshire
accessible	add	adresses	applicable	appreciate	avoid	capability	care	developing	easily	experiences	hassle	helpful	hinckley	hp730	impressive	interest	ken	kenneth	kph2q	laboratory	maintaining	names	neurosurgical	offer	onyx	purchasing	respond	separate	specific	sufficient	vendor	vendors	virginia	voice	workstation
122037	19260	1993apr8	1pr9qninniag	6000	aix	ari	blkbox	carel	devices	dfegan	doug	egan	excellent	gks	graphigs	hewlett	houston	jsc	lesc	lescsse	lockheed	lpr	packards	plotters	reasonably	res	rs	sciences	starbase	stucky	sun1x	suutari	tahko	terminals	tesla	tx	utc
125147	1993apr20	actrix	air	aminet	bickers	biggest	cannot	clp	commonly	contain	converters	creates	decoded	directories	filter	gen	generate	genes	gfx	gl2p1	grasp	hamlab	hint	icgeb	jacques	jbickers	kinds	kraftwerk	lzh	nz	oberto	palette	pd	pic	pic2hl	picpal	quoted	radioactivity	ram	show	tap	templar	trieste	usually	utility	welcome
206	33	4535	543	answered	avoided	bitnet	bolson	bringing	cardiovascular	carson	computed	cross	define	defined	determinant	dot	edward	equation	equations	equidistant	favor	former	formula	gems	implementation	implicitly	imprecisions	intersect	intersecting	intersection	linear	looks	math	matrix	max	midpoint	milton	misinterpreting	needs	normal	normalized	normals	numerical	occasionally	parallel	plan	planes	plugged	preferred	products	require	responses	resulting	rusty	seattle	sets	short	simultaneous	solution	soon	supposedly	taking	tests	unique	vector	verify
awful	concerning	convenience	curious	daemon	discussing	favor	feel	forum	hell	herringshaw	knowing	laurier	learn	mach1	mart4678	personally	phil	pl6	posts	proposed	putting	tdawson	wate	wilfrid	wlu	wrong
agiacalo	bmp	copying	created	customized	displaying	gauss	giacalo	mexico	nmsu	paint	toni	tried
150	1988	7208	allen	automated	claim	compress	considerably	cynical	early	exact	fractal	fractals	grad	hell	hours	ian	idr	impressed	improved	long	loss	marvelous	notice	nova	numbers	pdx	pdxgate	piece	pointers	reportedly	rigel	romanick	sign	students	supposedly	takes	talked	times	ttyl	typical	waiting
0010580b	01	03	171704	1993apr19	2147	31	33	3dcv	51	67	7qo	99	adobe	american	average	boesel	boxes	c5ecnn	cannot	cboesel	charles	checked	chem	contour	converts	cv	cv4	depending	drube	edit	encapsulated	eps	eps2epsi	epsi	formerly	garching	ger	gnuplot	illustrator	impressed	informatik	ipp	irix	mach	manipulate	mencken	mentor	mpg	muenchen	netherlands	nish	nishantha	pays	perl	platform	plots	prog	programme	progress	rdd	reinhard	room	ruu	somebody	sort	sparcstation	specifically	succes	taxes	timmens	tried	triton	twice	unquestionably	utility	utrecht	uts	vision	vma7o9	wages	xfig
26	64	addition	allan	angeles	appreciate	asked	believe	bought	came	claim	claimed	describes	didn	expensive	frankly	gray	hard	hewlett	initial	inputs	japan	literature	los	manual	mentioned	mitsubishi	na	p78u	packard	parallel	port	print	recently	sales	sending	signal	sipi	southern	store	usual	weber	workstation
1v6	allow	aren	atd	austin	believe	bob	c4tkgm	chan	channui	cheap	christopher	com1	com3	conflicts	connect	cost	davis	define	devices	disclaimer	done	errors	exceeds	external	fairly	harris	haven	increase	insists	interfere	internal	interrupt	investment	isn	modem	modems	nui	pl9	pointing	port	portal	ports	poster	probable	reliability	rs232	serial	shell	shopper	shouldn	single	sonny	switch	switching	trantor	tried	unfortunately	until	ville	walveranta	wants	wil	won	worry
abad	against	algo	checked	clip	clipping	comments	coronado	emmanuel	extending	finding	g9134255	idea	matter	necessarily	noel	nsw	rectangular	resulting	simpler	simply	splitting	subpolygons	uow	usual	vertices	wampyr	welcome	whereby	wollongong
216	annoys	architec	aukland	basically	bcstec	boeing	bounces	bourke	ccu1	droid	facet	kuryakin	listings	nz	outdo	paul	pavek	pdbourke	provided	received	recent	rick	seattle	tried	unavailable	unknown	vision	wa	wastes
08	216	28	2880	56	831	_____	______________________________________________________	ago	appreciate	apr	attmail	bill	ch41	changed	comments	comparison	couple	dislike	easily	editing	elaborate	experience	featured	figaro	gatech	gmt	goes	happy	hate	hoops	implementation	impossible	ithaca	lib	libraries	lookin	low	methods	myers	personally	phigs	portable	prism	products	specific	structure	tgs	usr1	wisdom	wlm	x2002	ya
1ra2painn68s	____________________________________	abstract	abstractsoft	bezier	bounded	closed	collection	completely	curve	curves	detect	fonts	genetics	intersection	lamont	lies	phylo	professional	shelley	whether	within	wsi	zeno
300	aimla	apparantly	ces	concept	dave	determine	developers	developing	djmst19	dont	keep	licensees	madura	optimla	pitt	pl3	private	rumours	sells	showings	shown	success	unixd2
add	ann	anyway	arbor	assuming	background	client	daemon	explain	fullscreen	gif_file_name	helps	herringshaw	ipx	kill	knew	leave	llullaillaco	load	locks	michigan	onroot	originator	root	switches	tdawson	terminal	till	xloadimage	xsession
_you_	addictive	aqueous	become	capabilities	comparison	csiro	disease	dispersion	franklin	freeware	hooked	hundred	life	mackey	manual	ml	mmackey	mucho	oxygen	pages	penumbral	polyray	raytracers	recently	seriously	shadows	tasmania	terminal	u895027	utas	vivid	wade	won	wondering
assist	autocad	dxf	geigel	george	gwu	jogle	joseph	libraries	parser	parsing	seas
0200	06	150	203	2490747	2492930	33	35	3beta	5mb	61	anu	approaches	australian	award	buchhorn	canberra	cheers	crop	cropped	cropping	explain	facility	hdf	hdftoppm	ideally	international	markus	merrily	minimalist	muchly	ncsa	octavia	odd	originator	otherwise	parallel	pbmplus	r5	readers	section	storage	strange	structure	sunos	suns	ta	utility	visualisation	whatnot
1992	226536	51	61	7716	according	archchancellor	assembly	cardboard	centre	cut	fan	games	grasp	gratefully	greetings	him	included	inline	jensen	joshua	july	lib	man	monash	mustrum	myles	myless	pascal	perspective	pratchett	proud	raytracing	reaper	rec	ridcully	scaling	specifically	strous	team	terry	turbo	unable	urgent	vaxc	yours
000	6000	adabas	basic	club	databases	focusing	gateway	gupta	happy	hard	ingres	installed	international	introductory	labs	lans	mostly	needs	novell	office	ones	open	oracle	pace	padmini	production	references	regarding	rs	snail	srivathsa	sybase	visual	wang	willett	wisconsin
1984	266	286	acm	advantage	boissonnat	boissonnat5	caspian	creating	delaunay	dimensional	geometric	hundreds	joseph	journal	literally	literature	lsk1v9inn93c	ma	mathematica	month	northampton	nowadays	october	orourke	pages	papers	provided	representation	rourke	shape	smith	sophia	structures	title	transactions	triangulation	triangulations	vast	yeh	zhenghao	zyeh
adnet13	btw	cinch	dxf	esp	externals	fnal	haven	hopes	hurh	ideas	igs	import	knows	macrayshade	macs	mailing	minicad	misplaced	models	operate	patrick	professional	rib	seem	strata	stratavision	super	swivel	thought	tomorrow	translator	usrs	wants
25mhz	386	40	486	70	almost	alone	centre	compress	cunningham	decompression	fractals	fs1	iterated	loss	manchester	mcc	mdpyssc	mins	pathology	ratios	sue	taking
13h	286	31	386	anyway	areas	assembly	assumes	bc	behind	bother	bounces	buffer	bunch	callable	camosun	certainly	completely	concerned	credit	define	dirty	due	enter	exercise	exit	fairly	functionality	higher	included	intended	intro	load	missing	modify	mods	morley	myself	originally	perhaps	pixmap	pkzip	pl4	processor	purposes	put	quick	rectangular	spang	spots	sprite	sprites	starting	suncad	tasm	telling	thru	tm	transparent	trivial	useable	vgl	victoria	whatever	whole
1r49iainnc3k	bmp	burn	chen	downloaded	echen	ee	looked	luck	shelley	xview
01	1rft1ninnc7s	3d2	3ds	atari	aus	chaining	coloring	computers	denman	describes	doug	except	extension	graphical	hardy	header	helps	hparc0	hudson	interesting	lighting	meshes	numbers	parsons	shelley	stored	stuart	stusoft	surfaces	tom	triangle	v2
2gb	31	58	absolutely	awesome	binhex	canyon	caveat	close	compact	compressor	converting	copies	dedicated	down	drive	edt	evidence	excellent	fly	fractal	generated	glad	gotta	happy	hours	hugh	iicx	johnsh	johnson	landscape	later	long	looks	megabyte	megs	mine	mon	movie	mpg	mustang	needs	nine	okay	party	perfectly	polytechnic	poor	pop	quadra	receive	received	recently	released	rensselaer	requests	ruined	sake	seconds	seven	simplicity	six	sooner	spare	stu	themselves	thought	tie	took	troy	tuesday	unless	v1	welcome	whole	words	york
03051	113	1992	35	65	660	acm	bala	bunkyo	bytes	clipping	communication	detailed	dr	faculty	failed	follows	generic	gw	hong	hongo	hudson	japan	jp	july	ku	kunii	lcec	lockheed	mr	papers	rabbit	regards	river	road	shio	solution	tokyo	topic	vatti	vol	waynar	young
1993apr19	22169	afraid	again	ansi	appreciate	basic	didn	forms	fortran	grid	interest	jordahl	n020ba	nvg	razor	rectangular	removed	runar	swix	tamu	tamvm1	texas	thru	turn	ugle	unit	whatever	wireframe
_ccc_c_	_ccc_c_____chumphre	chumphre	constructor	didn	graphic	humphrey	ish	later	nobody	nz	nz_______________________________	outputs	povray	prove	regent	saw	victoria	vuw	wellington	wondering	x11	zealand
articles	compressed	describe	description	direct	dresden	expert	furthermore	germany	graphic	haven	huffman	inf	irz	irz205	pascal	plain	prefered	ps	realy	specification	tw2	uncompressed	wasting	wolf
1281	640x480	bockamp	bug	cv	feature	florian	germany	hphalle2g	inf	informatik	matrox	moment	muenchen	oemsetup	ooo	originator	pg	technische	undocumented	universitaet
analog	aware	baylor	bcm	bus	choose	collecting	company	complex	concerned	designed	directly	easily	eisa	electical	extender	flexibility	future	generic	heart	houston	human	impulses	inputting	lap	manufacturers	married	matrox	medicine	modeling	moved	operating	phar	purchase	raymaker	researcher	respond	standards	tmc	tx	vectra
280	53	alt	artists	attractive	children	clock	design	difficaltis	education	equip	famous	inst	ipmce	mech	models	moscow	paste	pasting	patterns	polyhedra	prec	print	regular	rotation	russia	serious	spherical	su	tesselations	valentin	vulih	vulihman
appologies	ere	haven	kardan	kardank	kaveh	mentioned	montreal	thread	umontreal	universite
acvax2	anyways	autocad	csupomona	cvadrmaz	direction	done	georgy	knows	matt	often	polytechnic	pomona	realize	senior	telling	times	vector	vmsb
000	0094	0200	02154	0330	04	0511	06	1000	101	102	104	105	1060	108	109	110	111	1137	1200	1201	121	122	129	131	132	136	137	138	139	141	142	1436	144	1441	146	148	14th	150	1500	151	152	1529	155	156	1568	157	159	1600	168	171	174	178	1788	17f	183	192	1921	194	1963	198	1985	1988	1989	1992	1d	1m	1s7	200	2000	200k	201	20771	20k	2100	213	215	217	2222	2239	224	225	2268	2272	229	233	2341	238	2400	2496	25286	254	255	256x256	2587	2601	265	272	2748	28	280	284	286	286160	2867	29	29077	291	2912	296	298	29th	2nd	300	3000	301	302	303	312	3159	325	32789	33	3342	34	3473	3480	355	3582	360	3700	373	3750	384	389	3rd	3w4	40	405	406	407	408	41	4100	415	416	422	4300	43215	435	44	444	45	4510	452	4563	458	461	47	49	497	4bsd	4d	4m1	4mb	4th	500	5000	508	50b	512	5245	527	530	536	54	545	55	5541	56	560	578	5904	5d	5th	60	600	6000	604	605	614	615	617	61820	61826	619	624	63	6388	64	647	65	6506	6509	655	66	6695	672	68	6958	6d	70	708	71	716	7197	720x360	7242	7330	7353	74017	750	7550	763	77	7720435	777	7795966	78	786	7879	794	795	7ah	7xx	80	800	801	802	80225	80301	80303	80307	805	81	8117	8123	821	8287	84	84057	8500w	8515	8574	8580	87	870	87131	8731	88	8840	89	890	8900	895	8x8	90	9000	91	91030	916	92	929	93103	93401	9356	938	93940	94025	94404	94555	94720	9484	950	95677	9570	962	963	966	969	970	978	98	981	9900	9909	9999	_believe_	_free_	_procedural	_was_	abilities	ability	academic	accept	acceptably	accepts	accurate	acquire	across	act	actively	add	adding	addition	additional	addressed	addresses	admin	adobe	adrg	advanced	advantage	advised	aerospace	affine	affinity	agencies	agency	agreement	ahpcrc	aid	aim	aimed	airborne	aircraft	airport	airports	aix	alabama	albuquerque	alchemy	alex	algorithmically	algoritmic	allowing	along	alpha	alter	although	altimetry	always	amber	american	ames	amigas	among	amount	analyze	anatomy	andrew	animals	animations	animator	annotate	annotation	annotations	announced	anyway	ape	apex	app	applelink	applied	apply	approval	apr	april	arc	archiving	arden	area	areas	ariadne	army	arpa	array	arrays	arts	ascension	ascii	aside	asked	assist	associated	assume	astronomical	athens	atmospheric	atoms	attached	attraction	aukuni	aurelie	australian	automate	automatically	availability	ave	avenue	avhrr	aviris	avoid	avs	avs4	background	band	bands	bank	barbara	baron	base	basic	basically	baud	become	belgium	believe	below	belvedere	berkeley	berndt	besides	beta	bezier	bill	binaries	binary	bindings	biosym	bird	birds	bitmaps	bldg	blinn	block	boats	bob	body	bonds	booth	boulder	boundaries	bourke	bpaul	branch	brian	brick	bringing	broadcast	broadway	bsq	btw	budget	buffer	bug	build	building	builds	bundle	bundled	bureau	burlington	burnaby	bus	buted	buttons	bye	byte	bytes	caesar	calculator	caliber	calls	cambridge	camino	campbell	campus	canadian	canonical	capabilities	capability	capitalization	care	carriage	carries	carry	cars	cartographic	cartridge	catalog	cataloge	categories	ccu1	cdrom	cecer	cell	census	central	centre	cerl	cfd	cg	cgi	chama	champaign	changes	channel	chapel	charge	charmm	chart	cheap	chem	chemlab	choose	chvrtd	cia	cifically	cine	cineca	cities	citizens	city	claim	class	classes	classification	cleaning	client	clients	clipping	closed	clrview	cluster	clustering	cnrc	coastlines	codes	cogs	coincidence	colchester	collection	colorado	colormap	columbia	columbus	column	combination	combinations	combined	combining	command	commands	comments	common	commonly	communicates	community	companies	companion	company	compared	comparison	compatible	compile	compiled	compiler	complex	complicated	component	components	compositing	composition	comprehensive	compressed	comprising	compuserve	computational	compute	computers	comstock	concerns	concise	conditional	configuration	confusing	consisting	consists	consolidate	construction	contacting	contacts	contain	contains	content	contour	contract	contrast	contrib	contributed	control	controlled	controller	controllers	converts	convex	cooperation	coordinate	copied	core	corner	corp	corporation	corps	corrections	correspondence	cosmic	cost	couldn	council	counterpart	country	couple	cournoyer	court	coverages	coverings	cp2	cray	creates	creation	crimson	cristy	crs4	crunching	crystallography	csam	csc	csn	cso	ct	ct2t	cubed	cursor	curve	curves	custom	cyberware	cyclotron	d2002	daalo3	daily	datacube	dataexplorer	datafiles	dataglove	datas	dataset	datasets	date	daven	davidr	days	dcl	dcw	deal	deanza	decoding	decstations	default	defense	defining	degree	delivers	dem	dems	denver	dependent	depending	depth	depths	derived	describes	description	descriptions	design	designed	desired	developer	developing	developments	device	devices	dgp	dial	dicer	difficult	digitised	digitize	digitized	digitizer	digitizers	digitizing	dimensional	directcolor	directed	directly	director	directories	discharge	discounts	discover	discussion	disks	disperate	displaying	distri	ditolla	division	dlg	dobbs	docs	document	doll	dollars	done	doors	dot	doug	down	dr	drive	dsp	duncan	dupont	dwrobertson	dxf	dynamic	dynamically	dynamics	earnshaw	earthinfo	earthquake	ease	easier	easily	east	ecr	editimage	edition	editor	educational	educorp	ee	eece	effective	efficient	eg	eight	el	elan	electromagnetic	elements	elevation	elevations	elmwood	elson	employ	employees	empty	enabling	encapsulation	encounter	energy	engineer	engineers	enhancement	enhancing	enter	entered	environments	eo	eosat	epcc	epson	equalization	equipment	eric	erich	errata	especially	esperidon	essence	essentially	europe	evans	evolving	exabyte	exact	exactly	examples	excel	executable	executions	executive	existent	existing	expect	expensive	expertise	exploit	exploits	explorer	exploring	export	extended	extending	extension	extensive	external	extract	eye	eyephone	facility	fair	fashion	favorite	fda	feature	federal	feel	feltham	fft	ffts	field	fieldview	fifth	figure	filling	film	filter	filtering	filters	finder	fit	five	fixes	fl	flaminio	flavor	flex	flight	flip	floating	flock	floor	floppy	flow	fluid	flying	font	forget	fortran	forward	foster	fotis	foundation	foundations	four	fourier	fractal	freebie	freely	freemont	friend	friendly	fsu	fully	functionality	fundamentally	fvs	ganador	gap	gaussian	generalization	generalized	generate	generated	generates	generation	generator	generators	generic	genre	gent	gentleman	geo	geographic	geographical	geological	geometric	geometry	geophysical	geopolitical	gifs	gigabytes	gilchrist	gilmore	gis	gives	gks	glassner	glove	god	goddard	goetz	gold	gondwana	gone	gould	government	gr	gram	graph	graphi	graphic	graphical	graphically	graphics_	graphs	grass	grassp	grassu	grassx	gravity	gray	greece	greenbelt	greg	grid	gridded	gridding	grips	grouped	gs	gsfc	gtx	gui	guldenspoorstraat	gvl	gvlware	haimes	haines	hairy	hal	halandri	half	hanauma	hand	handled	handles	handling	happy	hardcopy	harris	harrison	haven	hawaii	hdf	head	header	headerless	headtracker	heart	heavy	henders	henderson	hercules	hian	hibbard	hierachical	hill	him	histo	histogram	hobbyist	hoinkes	holdom	home	hooks	hourly	house	houses	hp9000	hsv	huckel	huge	hull	hulls	human	huntington	huntsville	i860s	iap	ice	icol	iconified	icsg0001	ideal	identification	idl	idraw	ieee	iff	igor	ihs	iii	il	ilana	ilight	imagemagick	imager	imagery	imho	implementation	import	important	improve	impulse	inches	included	inclusion	incorporated	incredible	independently	index	indiana	indicates	indigo	individual	industry	infinitely	infonode	infrared	ingr	inherent	initial	insight	install	installation	instance	institutions	instructions	integrated	integrates	integration	intelligent	intended	intensity	interconnection	interest	interesting	interference	intergraph	interleave	intermixes	interpolated	interviews	introduction	investigating	invoke	io	iraf	iris	irix	isbn	isg	isgtec	isn	iso9660	isodata	isotrack	italy	items	iti	itnsg1	itself	jan	japan	jim	joe	joes	johnston	jolla	jon	jpl	jsc	juan	k1a	kaiser	kaleidagraph	keiser	kelly	key	kgngraf	khoros	kilcore	kilgore	kinds	kingdom	knows	kramer	ku	kubota	kuchkuda	l14h11	l4v	la	laaksone	laaksonen	laboratory	labs	land	landman	landsat	landscape	lane	lang	larc	largely	larger	laser	later	latitude	lattices	lawn	lawrence	layer	lbl	lcs	ldgoc	lee	leehian	leif	lengthy	lerc	lerios	letter	lgsowg	liant	lib	libraries	libvplot	licence	license	licenses	light	limit	limited	linked	lists	listserv	loads	local	locally	located	location	lockheed	log	logical	logitech	long	longitude	looks	low	lowell	lower	lpi	ltd	luis	lxt	lybrand	ma	macc	macdraw	macmolecule	macphase	macro	magazines	magellan	mailing	mainly	maintained	maintaining	maintains	maintenance	major	makes	malena	man	management	manager	manages	manipulating	manipulations	manner	mannikin	manual	manufactures	manupulation	mapping	maps	march	marketing	mars	marshall	maryland	master	materials	math	mathematica	mathematical	matrix	maurice	maximum	maxine	mb	mcgraw	mcree	mcsun	md	measurement	mechanical	media	median	medical	megabyte	member	menlo	mention	mentioned	menus	merge	mesh	meshing	messages	meter	meters	metro	mexico	mfil	mhz	microsoft	microstation	middlesex	mike	military	milton	mind	mindtool	mine	mines	minimal	minnesota	misc	miscellaneous	miss	missions	mississauga	mkdir	model1	model2	model3	model4	model5	modeling	models	modification	modified	modules	molecular	molecules	molsim	monash	monitors	montana	montecito	monterey	monu1	moon	moore	mopac	morphological	mostly	motecc	motif	mountain	mounted	mouse	movie	movies	mp	mri	msc	msci	mss	mu	multiplanar	multiple	multiply	mumod	mv	names	nas	nato	natural	ncar	ncb	ncgia	ncsa	ncsc	nearest	nearly	nedde	needs	neighbor	networks	nevertheless	newell	ngdc	nick	niehs	nih	nikolaos	nishi	nj	nm	nn	nodis	none	normally	norton	notes	noting	nova	nrcc	ns	nssdca	nth	ntua	numbers	numeric	nutshell	nz	obispo	observe	obtained	oem	offers	office	offices	offset	offsets	often	ogi	ohio	older	omicron	once	oncs	online	ontario	open	openwindows	operates	operating	operations	operator	operators	opinion	optional	options	orbitals	orders	orem	orientation	oriented	origin	osf	ottawa	overall	overkill	overlaid	overlaying	overlays	overview	owner	oz	pacific	packaged	page	pages	parallelism	parameter	parameters	parity	park	parks	part3	participate	particular	partition	parts	party	pasadena	pascal	pass	password	pat	patch	patch8	patch9	patchlevel	patterns	paul	payload	pbmplus	pbmtext	pci	pcs	pcw	pd	pdb	pdbourke	pelson	pen	perez	performs	peritek	permission	personal	personally	perspective	perutz	pex	ph	phigs	philosophy	photographic	photos	physics	pi1	piazzale	pick	pics	piece	pioneer	pique	pixmap	places	plain	planetary	platform	played	player	plot3d	plotting	plus	polhemus	political	polyline	polylines	polyview	poon	popular	port	ported	portions	position	possibly	power	powerglove	pp	pprg	pre	precision	present	press	price	pricing	primarily	primary	principal	printed	printers	pro	probe	procedure	produce	produced	programmers	progress	projective	promising	prompt	property	proprietary	proton	provided	providing	ps	pseudocoloring	pu	publish	published	publishing	pull	purpose	purposes	pv	pvwave	qt	quantity	quek	r4000	radar	radii	railrays	raklin	ram	range	ranging	rani	rapidly	rasterfile	rasterfiles	rasterizing	raw	raz	rd	reach	readme	reads	ready	reasonable	recommend	recorded	recording	rectification	red	redistributed	refer	referred	reformating	regarding	regular	regularly	relative	released	remote	render	renderer	renders	rep	report	reported	representation	represented	republic	requests	require	requirements	resampling	resolutions	resources	respond	responds	responsible	reston	restriction	resulting	return	returns	reusability	reverse	review	rgb	rich	richmond	rioux	risc	river	rivers	road	roads	robertson	robust	rod	rodney	rogers	rom	roman	rome	roms	room	rotate	rotations	rs	rs6000	rsinc	rt	rumors	runtime	san	santa	sat	satellite	scaling	scan	scanner	scanners	scanning	scans	scarecrow	scdinfo	scene	scenery	sceptre	sci	scian	sciences	scientists	scivi	scott	screendump	screw	scri	scripps	script	scripting	scripts	scrollbars	scry	scsi	seamlessly	searched	searching	seconds	section	segmentation	selected	sell	selled	sells	senses	sensing	sep	sequence	sequences	sequencing	sequent	series	servers	service	services	sets	sg	shape	shapes	share	shinjuku	ship	shipments	shooting	short	shunjuku	shut	shuttle	sicence	side	signal	significant	silver	simd	simgraphics	simon	simplicity	simulations	singapore	single	sips	sits	situation	sixty	slice	smaller	sockets	soest	soft	softlab	soil	solutions	soon	sound	south	spaceball	spaced	spaces	spam	sparc	spd	spe	specialized	specializes	specialty	specific	specifically	specified	spectral	spectrometer	spectrum	spirit	spline	sports	spot	springer	springfield	spyglass	srp	ss01	ssec	staff	stage	standalone	star	star5	stardent	stardents	starting	starts	states	statically	stating	stationary	statistics	steps	stereo	stewart	stock	stop	storage	store	stored	story	strategies	stream	streamflow	streams	street	stretching	strokes	strong	structure	structured	structures	submitted	subroutine	subsampling	subscribe	subset	subsystem	subvolumes	suffice	suffolk	suggest	suggested	suggestion	suite	sumex	sumitomo	summer	sun4	suns	sunview	supercells	supercomputers	supercomputing	supervisor	supplies	supported	supporting	surfaces	survey	sutherland	svlib	swedishchef	synchronization	sys	table	tae	takes	taking	talking	tang	tape	tapes	taravisual	targa	targetted	tations	tax	teapot	tech	technique	techniques	technologies	telephone	telnet	ten	terminals	terrain	terramar	terry	tessellation	tested	testing	textiles	texture	textures	tg	tgif	theoretical	theseas	thesis	third	thousand	tiled	times	tips	titles	tm	together	tokyo	tolis	toolkit	top	topographic	topography	topologically	toronto	touchup	tower	towns	tracer	track	trackers	traditional	traditonal	training	trains	trajectories	transfer	transfinite	transform	transformations	translating	transport	trial	triangles	triangulation	tricks	tried	troff	troubles	truecolor	tso	turbo	turns	tutorial	tw13	txt	types	typing	uark	ubc	ucar	ucbvax	ucla	ucsb	ucsd	ultrasonic	ultrix	umn	unc	uncompression	understanding	uniphoto	united	units	unknown	unlimited	unm	updated	upgrades	username	usgs	utah	utility	utoronto	ux	v2	v5b	v5g	vab02	variety	vax	vct	vector	vectors	vegetation	vendor	venus	veracity	verlag	versus	vertex	vertices	vexcel	vgx	vicar	vides	viewpoint	viking	virginia	vis	vis5d	vision	visit	vista	visual	visual3	visualisation	visualizations	visualize	visualizer	visually	visuals	vmd	vms	voice	vol	volumes	volumetric	voxel	vpl	vplot	vrl	vt	wait	wallpapers	walsh	waltham	warp	wave	wavefront	wavetracer	wayne	ways	wbst128	weather	webster	weekly	wejohnston	west	whibbard	whole	whom	whose	wide	widget	widgets	wiley	williams	willing	wilson	winter	wire	wireframe	wisc	wit	within	workarounds	workspace	workstation	worley	worth	wpi	wrong	wti	wuarchive	wustl	wx	wysiwyg	x11	x11r4	x11r5	x4	xball	xbm	xds	xerox	xforms	xgraph	ximage	xlib	xmol	xpm	xtalview	xvf	xview	xyz	yale	york	yourself	yuv	zero
1100	210	312	3426	57th	60637	702	andre	beaver	boisvert	boivert	bugs	c5uhim	chicago	comments	compare	comparison	considerably	dgf1	east	farley	illinois	jfq	jrl	midway	needs	photostyler	qc	quads	review	rot	slower	street	tuning	uchicago
26	28	29	31	320x240	33	34	35	36	37	38	39	40	41	43	44	45	46	47	48	49	51	52	53	54	55	56	57	58	59	60	61	62	63	64	87	aliasing	alright	always	ambiguity	anti	apparent	appears	approximation	artist	assured	basically	behind	bottom	buffering	burden	cause	causes	chairs	coded	considered	context	crosswise	cube	curtain	decide	decided	depending	dimensions	directly	dismayed	dispell	displacements	distance	distort	distortions	effort	exactly	failed	fills	floor	follows	formulated	game	hanging	hard	hopefully	ie	illusion	inala	inside	isometric	isomorphic	jaggies	left	locations	looks	maintain	man	mapping	mood	move	moves	necessary	noticed	opinions	optical	outside	overly	packed	parallel	particular	particularly	perhaps	peripheral	perspective	perspectives	pinky	planar	planning	populous	presents	produce	ran	readers	removal	rising	room	sam	shape	sheared	simplifies	simply	skewed	slope	sticky	stored	tamsun	tamu	tends	texas	till	top	torches	tried	trivial	unfilled	upon	vanishing	vantage	viewpoint	views	vision	visual	wall	walls	worth	xxxx	xxxxx
150	206	210493100336	241	295	5418	868	92	_bsplinesurface	_drawstring3d	advertised	ago	apparently	april	awed	bcstec	boeing	capabilities	carpenter	checked	esh	explained	fantastic	faxed	graphic	graphical	helpful	highly	hypercard	john_shepardson	knows	literature	mactutor	micro	moose	mpw	names	nobody	offer	offscreen	options	owen	price	programmers	qmail	recommend	recommendations	representing	reusable	review	reviewed	rgc3679	seattle	sheet	shepardson	slac	talked	tons	wa	wasn	worth
1374	1993apr21	640x480x256	according	across	bars	bottom	colorix	couple	cut	cx5	diskette	handles	horizontally	inch	manual	mention	mich	none	ok	oklahoma	okstate	open	rix	rob	scf	sherry	softworks	spatial	third	tlc	top	vpic	wide
41	6934230	6934303	_simple_	add	boxes	capable	delete	displaying	edit	epfl	federal	graph	interactively	lausanne	link	links	loris	manipulate	masg1	math	mouse	move	node	nodes	ok	pane	possibility	put	renggli	swiss	switzerland	x11
01	0223	03	04	05	110	1145040	117	123	129	137	141	151	155622	172	173	192	1992	1x1	201	210	232	240438	25192	286	31	34	35	36	38406	386	386max	39	3rd	40	44	48	486	4a	4mb	4th	512x512	55	58009	60	60a	640x480	6587	68020	6a	6b	72	727x525	75	7544	79	80	84	841099	85	88	92	95	96	963829	97	absence	accept	acceptable	accomplish	accumulate	accumulation	accuracy	achieves	acknowledgement	acorn	acquire	across	active	add	adding	additions	adhere	adjacent	adjusting	adjustment	adobe	adopt	adopted	adpro	advanced	advantage	advantages	affects	again	against	agree	aim	aka	alch161	alchemy	aldus	alleged	allow	allowed	almost	along	altered	alternative	alternatives	although	always	amigados	amigajpegv4	amigas	aminet	among	amount	amounts	amusing	analyze	ancient	anim	animations	announce	anyway	app	apparent	appeared	appearing	appears	applies	apply	approach	appropriate	approximating	april	arbitrary	archimedes	archival	archiver	archives	archiving	area	areas	aren	argues	argument	arithmetic	army	articles	artifacts	artwork	asdg	aside	asked	assisted	atari	ataris	attempted	augjpeg	authors	automatic	automatically	average	averages	avoid	avoided	avoiding	away	balance	bars	basic	basis	bboards	bbses	becomes	begin	behavior	believe	below	belt	besides	bet	beta	beyond	bigger	bilevel	binary	bitnet	block	blockiness	blocksmooth	blocky	blur	blurred	blurriness	blurry	bmp	body	border	borders	bottom	boundaries	boundary	bradley	brightness	bryanw	buggier	bugs	buzz	bytes	c_x	calculations	cambridge	candidates	canned	cannot	capabilities	capability	capable	capture	capturing	care	careful	carefully	carnegie	cartoon	cartoons	cause	caution	certain	chance	changefsi	changes	changing	characteristic	characters	cheap	cheaply	checkbox	chew	choice	choices	chrominance	cica	cinemorph	cited	cjpeg	claimed	clarifications	classified	cleaned	clearly	cli	clicking	close	closest	cmu	coding	coefficient	colormapped	colorview	comes	comments	committee	committees	common	companies	comparable	comparing	comparison	comparisons	compatibility	compatible	compilations	compile	compiled	complains	completely	complex	complexity	complies	component	compress	compressed	compressing	compressor	compressors	compuserve	compushow	concentrates	concept	concern	confusion	conjunction	consequence	considerably	consist	constant	constantly	consult	contains	contender	contrib	contribute	conv	conversely	converted	converters	converting	coordinated	cope	copies	core	correct	correctly	corresponding	corrupt	cosine	cost	count	counts	couple	covered	covers	cpu	crash	crays	created	cristy	crop	cropped	cropping	crucial	cshow	cshw860a	cube	curious	cuts	cview097	cycles	d8	dark	darn	date	dcview21	deal	decision	decodable	decode	decoder	decoders	decodes	decompress	decompressed	decompresses	decompression	decompressor	default	defects	define	defined	defines	defining	definite	definitely	definition	degradation	degrade	degree	deliberate	denominator	denying	descendant	described	description	designed	desired	desktop	detailed	developer	didn	difference	differences	differently	direct	directions	directly	directories	dirty	disadvantage	discrete	discussed	discusses	displace	displayed	displaying	distinct	distinguish	dithered	dithering	djpeg	doctrine	document	done	down	downloaded	downloading	drawbacks	drawings	drawn	drive	dt	dts	dubious	due	dutch	dvpeg	dvpeg24a	e0	earlier	earliest	early	easier	easily	edit	editing	editor	effect	effectively	effects	efficiently	eg	ega	emit	enlarge	enlargement	enschede	entirely	entries	entropy	entry	eric	error	errors	essentially	eventually	ever	everything	exactly	excellent	except	exchange	exchanged	exchanging	exist	existing	expect	expecting	expensive	experience	experimental	experts	expires	explained	exploiting	export	extended	extension	extensive	extra	extremely	eye	eyeballs	fact	facto	factor	factors	fair	fairly	fall	family	fans	fantasy	faq_733898461	fashion	fastest	favor	favorite	fed	fee	feed	fetch	fewer	ff	filtering	final	finally	finding	finished	fit	fits	five	fix	flamed	flashy	floating	fly	followed	fool	forced	forevermore	forget	former	forum	four	frames	freepost	freeware	frequency	frequently	frills	fs	ftpable	ftpmail	fullview	fully	functional	functionality	furthermore	future	game	generally	generate	generation	gets	gfx	ghost	gif2jpg	gif2jpg2	gifconverter	gifs	glitch	gmt	goes	gone	gotten	gp	gradually	graphical	graphsupport	gray	greater	growing	guaranteed	guarantees	guilders	habit	hacked	half	hamlab	hamlab208d	hand	handed	handles	handmade	handy	happens	happy	harbor	hard	harder	hardly	hasn	hassles	header	heading	headings	heavily	heavy	helpful	helps	hence	hex	higher	highest	highly	hints	historically	hiview	hobbes	hogging	hoopla	hqx	hsi	hsi1	huffman	huge	human	humans	hundred	hv12	icons	identical	identify	ijg	ilbm	illusion	imagefx	imagemagick	imagemaster	imagery	imgarc11	impact	implement	implementation	implementations	implemented	impressive	improve	improvement	improvements	improving	incidentally	incompatible	inconsistent	indeed	independent	index	indexing	indiana	indistinguishable	industrial	inevitable	inferior	infested	informational	initially	inputs	inside	inspecting	install	installation	installed	instance	instead	instructions	intend	intended	interchange	intermediate	internally	international	introduce	introduced	introducing	invisible	involved	irretrievably	isn	issues	jack	jay	jbig	join	joint	jpeg4	jpeg4386	jpeg4bin	jpeged	jpeging	jpegs	jpegsrc	jpegsrc4	jpegv4	jpegview	jpg	jpg25	jpg2gif	jpg50	jpg5o	jpg75	jpg95	jpsrc4	justify	jview	jview090	kbytes	keep	keeps	kept	key	keystrokes	kicking	kinds	kit	kortink	krehbiel	lacks	lane	larger	later	latest	lcs	lead	learn	leave	leaves	left	legal	legally	less	lesser	levels	lha	liability	libraries	licenses	light	lightwave	likely	limitations	limited	listed	literature	load	loading	located	location	long	longer	looked	looks	lose	loses	losing	loss	lossiness	lossless	lossy	lost	lots	low	lower	lowest	luck	lucky	m_	macintoshes	macpaint	magazine	maintain	major	maker	makes	manager	manipulate	manipulating	manual	march	marginally	match	maximum	mbyte	mean	meaning	meaningless	mechanism	medium	mellon	mentioned	mentioning	microsoft	microsystems	mighty	million	milnet	mind	minimum	minor	mirrors	misc	misnomer	misreading	missing	mitsubishi	mix	moderator	modified	modules	mohammad	money	month	months	morphing	motion	move	moving	multiples	myname	mysite	named	names	natural	nearby	nearest	nearly	necessarily	necessary	needs	netherlands	networks	newamyjpeg	newer	newest	nifty	nmsu	noise	noncommercial	none	nonprofessional	nor	normal	notably	noted	nothing	noticeably	notifying	noting	numbers	numeric	numerous	nutterbrink	oak	oakland	objectionable	observer	obsolete	obtain	obtaining	occasionally	odd	offer	offerings	offers	official	officially	often	older	once	ones	op	open	opinion	optimistic	optimize	options	organizations	organizer	oriented	originally	originals	os	os2	os30	otherwise	outside	overall	overhead	overlaid	owned	painless	painting	palette	panning	parameters	particular	particularly	partly	passed	patents	path	pattern	patterns	pay	pbmplus	pcs	pd1	peg	perceived	percent	percentage	perfect	perfectly	performs	perhaps	permanent	personally	pgm	photographic	photographs	physically	physik	pick	pics	pict	pictcompressor	pictpixie	places	plain	plan	playing	plenty	plug	plus	pm	pmjpeg	pmjpeg11	pmview	pmview84	pnmconvol	pointed	pointers	poor	poorer	popping	popular	port	portable	portion	portions	possibly	poster	postings	potential	pounds	ppm	ppmquant	ppmtogif	praetzel	precisely	precomputes	prefer	prepared	prepress	present	presenting	prevented	preview	previewing	previous	previously	price	prior	produce	produces	products	professional	promise	promising	prone	pronounced	properly	property	proprietary	prove	provision	published	purchase	pure	purely	purposes	put	putting	qemm386	qt	quantization	quantizations	quantize	quantized	quantizers	quick	quickdraw	quotes	rahul	ram	range	ranging	rapid	rates	ratio	raw	readable	readme	ready	realistic	reason	reasonable	reasonably	reasons	recent	recently	recipients	recognize	recommend	recommended	recompress	recompressing	record	reduces	reducing	refer	referred	refers	regarded	regardless	register	registering	regular	regularly	relatively	release	released	releases	rely	remarkable	rend105	rend24	rendered	renderer	repeated	repeatedly	replace	replacement	represent	representative	representing	reputed	require	required	requiring	respect	respectively	rest	resulting	results	retrieve	return	reused	revision	rezaei	rid	risc	rle	robust	roughly	roundoff	royalty	rtfm	rule	rules	safe	sample	satisfactory	satisfied	saves	saving	savings	saw	saying	scales	scan	scanned	scenes	school	scroll	scrolling	sec	section	sections	seeing	seem	selecting	selection	semi	sender	sending	sent	separate	sequences	servers	settings	sharp	ship	shoddy	shoot	short	shorter	shortly	shouldn	show	shows	significantly	simpler	simtel20	single	situation	sixteen	sizes	slideshow	slight	slightly	sloppiness	slow	slower	slows	smaller	smallest	smeared	smooth	smoother	smoothing	somewhat	sort	spatial	speaking	spec	specific	specified	specify	spend	spiffier	squeeze	stable	standalone	standardized	standards	stands	started	starter	starting	stated	stay	step	steps	stick	storage	store	stored	stores	storing	storm	straight	straightforward	stream	strictly	strip	stripping	strong	structure	stuck	style	submitted	subsampling	subsets	subtly	suggested	suggestions	suggests	sumex	sunee	superior	supersedes	supplied	supported	supporting	supposedly	surely	switch	table	takes	talk	targa	tasks	techniques	tells	tend	term	terms	tested	tga	tgl	therefore	thought	thousands	throwing	thumb	thumbnail	times	tiny	today	together	tolerate	tom	top	traced	trade	tradeoff	transfer	transferring	transforms	translate	translator	transmission	transmit	transmitting	transportable	transports	trash	tricky	trouble	truevision	truly	tsr	tt	tuned	turf	turn	turned	turns	twice	types	typical	uncompressed	unfortunately	unfriendly	unizh	unless	unlikely	unmodified	unsupported	until	unusably	updated	upenn	uploads	upshot	usage	useless	usually	utah	uu	uuencoded	uunet	uwaterloo	v0	v1	v4	vague	valley	variable	variant	varied	variety	vary	varying	vastly	vcpi	vendors	vesadrv2	views	viewtek	viewtek104	visible	visual	vjpeg	volunteer	vpic5	vs	warranty	wars	waste	ways	weaker	wecj	weeks	weird	welcome	whereas	whether	white	whose	widely	widespread	willing	win	win3	windows3	winecj	winjp210	winjpeg	within	wizard	wj	won	wonder	wondering	words	worked	worry	worse	worth	wrapped	writers	wsmr	wuarchive	wustl	xli	xloadimage	yourself	zoom
considered	dsto	gordon	gordon_sumerling	grayscale	iapmac2	iig	itd	laserwriter	na	printing	sumerling
31	3426	3ds	44	650	667	carefully	cel	default	edinburgh	explicitly	festival	hawkes	laboratory	manual	mapping	nothing	noticed	orientation	planes	position	positioned	positions	preserved	prj	psychology	reload	restarting	rule	rules	rych	rycharde	saving	somewhere	stored	texture
acs	bottom	buggy	designer	fashion	generated	magnus	ohio	reader
1976	2a7	2nd	3480	38	398	503	514	7348	8236	abel	adequate	allow	c5x9xs	carmo	carmo76differential	cone	coordinate	curvature	curves	cut	cylinder	derivatives	developable	differential	electrical	eng	enjoy	familiar	flat	frederic	gaussian	geometry	h3a	h8902939	hall	hessian	hk	hku	hkuxa	hkuxb	infomation	intelligent	intrinsic	investigations	isometric	khe	lay	leyfre	leymarie	locally	manfredo	manifolds	matrix	mcgill	mcrcim	montreal	netters	nowhere	pages	patch	pieces	prentice	publisher	qc	require	roll	singular	surfaces	title	topic	treats	vanishing	whatever	words
11230	13h	192947	1993apr17	320x200	adamski	asm	b5l	c5n3x0	champaign	concave	cso	done	fairly	game	illinois	joseph	lucas	orourke	osprey	rourke	slow	smith	sophia	urbana	ux4
11632	120	160	160x2xx	164940	175	1993apr15	1993apr16	212441	240	25x	26	2889	30fps	320	34125	37	3xx	4066	47	52	64	650	68040	838	856	900	actual	anymore	approach	asked	believe	booth	came	capture	centris	chicago	claim	claiming	codec	commercials	compact	consumer	cpu	created	december	decreased	depth	digitize	digitized	done	dropped	dynamic	earlier	early	electric	electronics	expanded	expect	fact	flames	fone	fps	gmt	guy	guys	hamilton	hardisk	haven	hernandez	highly	him	implied	increased	intensive	isn	lawrence	lcii	ldo	mcmains	measurements	mercury	mini	motion	movie	movies	muchado	nicely	notice	numerical	nz	oliveiro	operation	optimizations	plain	play	playback	played	playing	precise	prepared	processor	quadra	radious	rate	ratios	rchland	referring	reserve	resized	risc	rumours	scaled	scaling	services	show	showing	skeptic	spoiled	spot	supermac	talking	taxed	telling	trouble	unt	vnet	waikato	walked	war	wasn	zealand
129	1681	1999	200	201	305	45	600	6th	82	861	869	aided	architecture	cae	chul	client	company	daejon	depth	description	design	desirable	dong	eoeun	experience	floor	gu	gw	ho	isc	job	june	jxl9011	kist	knowledge	korea	lee	lim	location	modeling	opportunity	ph	position	required	requirement	resumes	rit	rochester	scientist	senior	seri	skills	title	ultb	understanding	yousung
25335	alice	att	brian	came	contex	couldn	design	duff	forty	galki	love	nine	philosophical	porky	resist	significance	six	suggestions	td	times	tom	toppoint	ulrich
1028	167	172	189	193	1981	1985	1991	1992	29	3359	345	380	405	471	532p	6009	61	93430	acm	aurenhammer	australian	boots	caspian	concepts	constructions	dave	delaunay	derived	diagrams	dimensional	dual	fundamental	geometric	geometrical	isbn	madvax	mathematics	maths	natural	nedlands	neighbor	neighbour	okabe	oz	polytopes	sons	sorting	spatial	structure	sugihara	survey	surveys	tessellation	tessellations	triangulation	uwa	voronoi	wa	watson	western	wiley	yeh	york	zhenghao	zyeh
5000	advice	brunel	coos	dartmouth	grayscale	hauke	jian	lu	market	medical	na	offers	particular	pl8	products	purchasing	recommendations	resoltuion	se92psh	uxbridge
agree	aimla	america	boxes	cdi	compatible	date	emerald	erik	esd	fortune	future	h1p4s4g	hand	hard	horsepower	late	lex	manufactured	manufacturers	measurement	media	motion	multiplayer	optimla	paid	panasonic	philips	quarter	reported	rom	rumours	shall	sonderen	starting	third	van	westworld	worth	xa	zola
42m	65	734340159	abraxis	accelerators	benchmarked	beware	boards	buggy	chip	chips	class1	command	depends	fill	four	goes	iastate	kyanko	looks	low	micron	neptune	opinion	otherwise	p9000	quadrilateral	rank	responsible	rjck	rob	selling	supposedly	upon	usual	weitek	winmarks	wintach	workstation
apply	ascii	character	kevin	kshin	netters	preprocess	produced	reads	seattle	shin	stein	thinned	thinning
13495	160x2xx	1993apr16	1d20	1x	2039	212441	25x	26	30fps	320	34125	3xx	4060	565	650	68040	68070	76203	817	83	900	9x	a7f81fd2f801023c	accelerator	acs	ah	amount	anymore	apparently	appropriate	apr	architecture	asked	assisted	assume	assumed	bands	boast	booth	capture	centris	chicago	claim	claiming	clarify	clock	codecs	company	confused	consumer	cpu	cpus	decreased	denton	dependent	depth	digitize	digitized	distant	dithering	dramatically	drop	dropped	due	electronics	enhancements	exception	existence	expanded	expanding	expect	fact	filled	flames	fps	frames	future	gmt	gopher	guess	guy	guys	hardisk	hernandez	him	horizon	id	increase	increased	industry	intensive	internal	job	keep	lc	lcii	lied	locked	logical	macromind	manner	marginally	mcmains	meted	mini	misunderstand	mon	motorola	movie	movies	muchado	nearly	newer	nicely	north	notice	nuntius	older	operate	optimizers	particular	plain	play	played	player	playing	processor	qt	quadra	quadras	radious	rashly	rate	rchland	reserve	reserved	resized	resultant	rumours	saw	seanmac	show	showing	skeptic	somewhat	sound	speakers	speeds	spoiled	spot	stated	suffers	supermac	supposedly	surprises	synced	talking	telling	texas	timecode	trouble	twice	tx	unt	useragent	v1	vanilla	vnet	walked	war	wasn	xxdate	xxmessage
1990	51	7155	77	activity	allen	alternative	always	american	argue	barnsley	believe	breath	calculations	cause	certain	certainly	chasing	company	competing	complicated	conclude	conditions	correlate	decoders	demos	devices	disbelief	effect	encoding	entirely	events	everything	exists	explain	explained	explicable	fiends	final	formed	fractal	fractally	fractals	generator	guess	half	haven	holding	huge	huh	human	ian	idr	improved	initial	instance	iterated	land	long	manner	march	models	neat	nova	page	palatable	pdx	pdxgate	perception	plans	plate	practical	quit	random	reasonable	reiterate	replaced	replies	rest	results	rigel	romanick	saying	says	scape	seem	self	sequences	shaking	ship	six	sleeves	sloan	started	summer	techniques	tektoniks	testing	torture	tricks	uh	universe	unpredictable	until	volcanic	wager	wagered	whether	widely	yeah
20apr199312262902	cix	compulink	dave	ddeciacco	deciacco	fullview	jpg	lisa	lmp8913	preston	rigel	tamu	trident	wa
areas	ch381	chain	city	cleveland	codes	couple	cwru	demonstrates	describing	eb192	freenet	friend	hela	hildreth	implemented	ins	marr	oh	operator	recognition	references	replies	requested	reserve	segmentation	skeletonising	sobel	thinning	thresholding	topics	weeks	western	willing
14261	accepted	acsu	audio	bison	buffalo	cat	catalog	christopher	dev	doubt	homam	lusardi	mr	music	radon	sci	sdsu	sounds	telnet	transform	ub	xarchie	xgopher	xwais	york
bogart	bound	bull	crowe	determine	hemel	hn	regards	scrowe	simon	within
danebury	disclaimer	hursley	labs	motion	necessarily	offline	poster	represents	rgb	rick	ricky	turner	views	watson	yuv
16m	32768	59	800x600x24bit	ati	correctly	cso	error	exit	graph	gup	gws	illinois	jroberts	megs	pro	robertson	says	states	switch	ultra	urbana	ux4	vlb	win	wkshop	workshop
153	2400	aliases	cause	certainly	clarkson	couldn	djgpp	dv	ecole	ecs	eicn	english	enjoy	etna	ets	forgot	french	grape